review_text,rating,sentiment
Fraudulent claim investigation opened against legitimate collision damage. Harassment! Applied for my comprehensive coverage. Zero stars.,1,0
Claim rejected without any clear explanation after paying premiums diligently for 4 years. Applied for my health policy. Zero stars.,2,0
Renewal process is so simple and discounts for claim-free years are very attractive. Regarding my bike insurance. Thank you team.,4,1
Terrible experience. Customer support keeps putting me on hold and never returns calls. Applied for my comprehensive coverage. Never purchasing again.,2,0
Rude and unhelpful support staff. Kept asking for same documents repeatedly. Applied for my comprehensive coverage. Zero stars.,2,0
Affordable health insurance plan for senior citizens with extensive hospital network. Regarding my comprehensive coverage. Smooth process.,5,1
Claim rejected without any clear explanation after paying premiums diligently for 4 years. Applied for my family floater plan. Never purchasing again.,1,0
Dispute resolution process is a complete nightmare. Nobody takes accountability. Applied for my health policy. Zero stars.,1,0
Cashless hospital network was rejected at hospital admission. Had to pay from my pocket. Applied for my term insurance. Completely unacceptable.,2,0
Great digital experience. Uploaded photos of car dent and claim approved within 3 hours. Regarding my bike insurance. Thank you team.,5,1
Terrible experience. Customer support keeps putting me on hold and never returns calls. Applied for my health policy. Zero stars.,2,0
Fair premium quotes and comprehensive health coverage with no hidden clauses. Regarding my car policy. Smooth process.,5,1
Quick approval for windshield replacement. No unnecessary questions asked. Regarding my health policy. Smooth process.,4,1
Extremely high renewal premium hike without any filed claims or medical history change. Applied for my family floater plan. Never purchasing again.,2,0
Terrible experience. Customer support keeps putting me on hold and never returns calls. Applied for my term insurance. Worst experience.,1,0
Fraudulent claim investigation opened against legitimate collision damage. Harassment! Applied for my comprehensive coverage. Extremely disappointed.,2,0
Quick approval for windshield replacement. No unnecessary questions asked. Regarding my family floater plan. Very pleased.,4,1
They deducted 40 percent of my claim amount citing obscure clauses not mentioned earlier. Applied for my car policy. Disastrous service.,1,0
Surveyor took two weeks to inspect vehicle damage and reported inaccurate assessment. Applied for my term insurance. Avoid this company.,2,0
Delayed reimbursement for emergency treatment by over 60 days. Pathetic follow-up. Applied for my term insurance. Avoid this company.,1,0
Third party claim settled without any disputes or delays. Very satisfied with the service. Regarding my term insurance. Very pleased.,4,1
Hidden deductibles and co-pay percentages that were never disclosed at time of purchase. Applied for my comprehensive coverage. Disastrous service.,1,0
Renewal process is so simple and discounts for claim-free years are very attractive. Regarding my family floater plan. Really impressed.,4,1
Cashless hospital network was rejected at hospital admission. Had to pay from my pocket. Applied for my term insurance. Avoid this company.,1,0
Extremely high renewal premium hike without any filed claims or medical history change. Applied for my motor insurance. Completely unacceptable.,2,0
Fair premium quotes and comprehensive health coverage with no hidden clauses. Regarding my motor insurance. Great job!,4,1
Claim rejected without any clear explanation after paying premiums diligently for 4 years. Applied for my car policy. Avoid this company.,2,0
Misleading policy benefits sold by agent. Critical illness coverage had hidden sub-limits. Applied for my family floater plan. Completely unacceptable.,1,0
They deducted 40 percent of my claim amount citing obscure clauses not mentioned earlier. Applied for my health policy. Total waste of money.,1,0
Waited 3 months with no response. Worst customer service ever encountered. Applied for my bike insurance. Never purchasing again.,1,0
Claim rejected without any clear explanation after paying premiums diligently for 4 years. Applied for my bike insurance. Disastrous service.,2,0
Transparent claim verification and fast payout. Best insurance experience I have had so far. Regarding my motor insurance. Smooth process.,5,1
They deducted 40 percent of my claim amount citing obscure clauses not mentioned earlier. Applied for my bike insurance. Worst experience.,2,0
Claim officer guided me through all required documentation step by step. Very professional. Regarding my bike insurance. Will renew for sure.,5,1
Transparent claim verification and fast payout. Best insurance experience I have had so far. Regarding my health policy. 10/10 service.,5,1
Claim rejected without any clear explanation after paying premiums diligently for 4 years. Applied for my health policy. Never purchasing again.,1,0
Very easy claim filing process through the mobile app. Highly recommend this insurance provider. Regarding my term insurance. Really impressed.,4,1
Prompt response on chat support. All my queries regarding deductible were clarified clearly. Regarding my family floater plan. Thank you team.,4,1
My claim was settled very fast and the support team was genuinely helpful throughout. Regarding my bike insurance. Outstanding work.,4,1
Cashless hospitalization process was totally hassle-free. Hospital desk handled everything smoothly. Regarding my bike insurance. Outstanding work.,4,1
Third party claim settled without any disputes or delays. Very satisfied with the service. Regarding my bike insurance. Great job!,5,1
Misleading policy benefits sold by agent. Critical illness coverage had hidden sub-limits. Applied for my health policy. Completely unacceptable.,1,0
Fair premium quotes and comprehensive health coverage with no hidden clauses. Regarding my motor insurance. Great job!,4,1
"Customer care officer was polite, patient, and solved my policy renewal query in minutes. Regarding my motor insurance. Outstanding work.",5,1
"Customer care officer was polite, patient, and solved my policy renewal query in minutes. Regarding my health policy. Smooth process.",5,1
Fair premium quotes and comprehensive health coverage with no hidden clauses. Regarding my motor insurance. Very pleased.,5,1
Cashless hospital network was rejected at hospital admission. Had to pay from my pocket. Applied for my car policy. Never purchasing again.,2,0
They deducted 40 percent of my claim amount citing obscure clauses not mentioned earlier. Applied for my comprehensive coverage. Extremely disappointed.,1,0
Extremely high renewal premium hike without any filed claims or medical history change. Applied for my bike insurance. Worst experience.,1,0
Excellent experience with InsureAI! The reimbursement was credited in just 2 days. Regarding my family floater plan. Great job!,5,1
Excellent experience with InsureAI! The reimbursement was credited in just 2 days. Regarding my comprehensive coverage. Smooth process.,4,1
Misleading policy benefits sold by agent. Critical illness coverage had hidden sub-limits. Applied for my comprehensive coverage. Extremely disappointed.,2,0
Cashless hospitalization process was totally hassle-free. Hospital desk handled everything smoothly. Regarding my motor insurance. Smooth process.,5,1
Terrible experience. Customer support keeps putting me on hold and never returns calls. Applied for my motor insurance. Worst experience.,1,0
Cashless hospital network was rejected at hospital admission. Had to pay from my pocket. Applied for my motor insurance. Total waste of money.,1,0
Misleading policy benefits sold by agent. Critical illness coverage had hidden sub-limits. Applied for my term insurance. Disastrous service.,1,0
Misleading policy benefits sold by agent. Critical illness coverage had hidden sub-limits. Applied for my family floater plan. Avoid this company.,1,0
Rude and unhelpful support staff. Kept asking for same documents repeatedly. Applied for my car policy. Worst experience.,1,0
They deducted 40 percent of my claim amount citing obscure clauses not mentioned earlier. Applied for my comprehensive coverage. Zero stars.,2,0
Delayed reimbursement for emergency treatment by over 60 days. Pathetic follow-up. Applied for my bike insurance. Zero stars.,2,0
Misleading policy benefits sold by agent. Critical illness coverage had hidden sub-limits. Applied for my family floater plan. Avoid this company.,1,0
Third party claim settled without any disputes or delays. Very satisfied with the service. Regarding my health policy. Very pleased.,4,1
Surveyor took two weeks to inspect vehicle damage and reported inaccurate assessment. Applied for my motor insurance. Worst experience.,2,0
My claim was settled very fast and the support team was genuinely helpful throughout. Regarding my car policy. Outstanding work.,4,1
Waited 3 months with no response. Worst customer service ever encountered. Applied for my car policy. Never purchasing again.,2,0
Cashless hospitalization process was totally hassle-free. Hospital desk handled everything smoothly. Regarding my health policy. Thank you team.,5,1
Misleading policy benefits sold by agent. Critical illness coverage had hidden sub-limits. Applied for my term insurance. Never purchasing again.,1,0
Excellent experience with InsureAI! The reimbursement was credited in just 2 days. Regarding my term insurance. Thank you team.,5,1
Extremely high renewal premium hike without any filed claims or medical history change. Applied for my car policy. Avoid this company.,2,0
Claim officer guided me through all required documentation step by step. Very professional. Regarding my car policy. Thank you team.,5,1
Claim rejected without any clear explanation after paying premiums diligently for 4 years. Applied for my car policy. Zero stars.,1,0
Cashless hospital network was rejected at hospital admission. Had to pay from my pocket. Applied for my bike insurance. Never purchasing again.,1,0
Surveyor took two weeks to inspect vehicle damage and reported inaccurate assessment. Applied for my motor insurance. Never purchasing again.,1,0
They deducted 40 percent of my claim amount citing obscure clauses not mentioned earlier. Applied for my term insurance. Total waste of money.,1,0
Fair premium quotes and comprehensive health coverage with no hidden clauses. Regarding my family floater plan. Great job!,5,1
Great digital experience. Uploaded photos of car dent and claim approved within 3 hours. Regarding my bike insurance. Outstanding work.,5,1
Hidden deductibles and co-pay percentages that were never disclosed at time of purchase. Applied for my family floater plan. Worst experience.,2,0
Cashless hospitalization process was totally hassle-free. Hospital desk handled everything smoothly. Regarding my term insurance. Smooth process.,4,1
Fair premium quotes and comprehensive health coverage with no hidden clauses. Regarding my car policy. Great job!,4,1
Fraudulent claim investigation opened against legitimate collision damage. Harassment! Applied for my bike insurance. Never purchasing again.,2,0
Excellent experience with InsureAI! The reimbursement was credited in just 2 days. Regarding my family floater plan. Very pleased.,5,1
Third party claim settled without any disputes or delays. Very satisfied with the service. Regarding my comprehensive coverage. 10/10 service.,5,1
Surveyor took two weeks to inspect vehicle damage and reported inaccurate assessment. Applied for my car policy. Completely unacceptable.,2,0
Very easy claim filing process through the mobile app. Highly recommend this insurance provider. Regarding my comprehensive coverage. Very pleased.,4,1
Affordable health insurance plan for senior citizens with extensive hospital network. Regarding my car policy. Really impressed.,5,1
Excellent experience with InsureAI! The reimbursement was credited in just 2 days. Regarding my family floater plan. Outstanding work.,5,1
Transparent claim verification and fast payout. Best insurance experience I have had so far. Regarding my family floater plan. Very pleased.,5,1
Cashless hospitalization process was totally hassle-free. Hospital desk handled everything smoothly. Regarding my health policy. 10/10 service.,5,1
Great digital experience. Uploaded photos of car dent and claim approved within 3 hours. Regarding my comprehensive coverage. Really impressed.,5,1
Cashless hospitalization process was totally hassle-free. Hospital desk handled everything smoothly. Regarding my bike insurance. Great job!,4,1
Rude and unhelpful support staff. Kept asking for same documents repeatedly. Applied for my comprehensive coverage. Disastrous service.,1,0
Quick approval for windshield replacement. No unnecessary questions asked. Regarding my term insurance. Thank you team.,5,1
Claim officer guided me through all required documentation step by step. Very professional. Regarding my bike insurance. Great job!,4,1
Delayed reimbursement for emergency treatment by over 60 days. Pathetic follow-up. Applied for my car policy. Extremely disappointed.,1,0
App crashes constantly while uploading accident damage photos. Very frustrating interface. Applied for my health policy. Avoid this company.,1,0
Cashless hospital network was rejected at hospital admission. Had to pay from my pocket. Applied for my term insurance. Extremely disappointed.,1,0
Cashless hospitalization process was totally hassle-free. Hospital desk handled everything smoothly. Regarding my family floater plan. Thank you team.,5,1
Terrible experience. Customer support keeps putting me on hold and never returns calls. Applied for my family floater plan. Avoid this company.,1,0
Fraudulent claim investigation opened against legitimate collision damage. Harassment! Applied for my family floater plan. Zero stars.,1,0
Dispute resolution process is a complete nightmare. Nobody takes accountability. Applied for my car policy. Avoid this company.,2,0
Dispute resolution process is a complete nightmare. Nobody takes accountability. Applied for my health policy. Disastrous service.,2,0
App crashes constantly while uploading accident damage photos. Very frustrating interface. Applied for my bike insurance. Disastrous service.,2,0
Prompt response on chat support. All my queries regarding deductible were clarified clearly. Regarding my car policy. Great job!,4,1
Rude and unhelpful support staff. Kept asking for same documents repeatedly. Applied for my health policy. Completely unacceptable.,2,0
Dispute resolution process is a complete nightmare. Nobody takes accountability. Applied for my comprehensive coverage. Disastrous service.,2,0
Misleading policy benefits sold by agent. Critical illness coverage had hidden sub-limits. Applied for my car policy. Disastrous service.,1,0
Surveyor took two weeks to inspect vehicle damage and reported inaccurate assessment. Applied for my bike insurance. Disastrous service.,1,0
Quick approval for windshield replacement. No unnecessary questions asked. Regarding my comprehensive coverage. Will renew for sure.,4,1
Dispute resolution process is a complete nightmare. Nobody takes accountability. Applied for my term insurance. Extremely disappointed.,1,0
Poor communication from claim department. Status stayed under review for weeks. Applied for my motor insurance. Disastrous service.,1,0
Very easy claim filing process through the mobile app. Highly recommend this insurance provider. Regarding my bike insurance. Great job!,4,1
Rude and unhelpful support staff. Kept asking for same documents repeatedly. Applied for my comprehensive coverage. Completely unacceptable.,1,0
Rude and unhelpful support staff. Kept asking for same documents repeatedly. Applied for my health policy. Disastrous service.,1,0
Waited 3 months with no response. Worst customer service ever encountered. Applied for my motor insurance. Avoid this company.,2,0
Very easy claim filing process through the mobile app. Highly recommend this insurance provider. Regarding my car policy. Outstanding work.,5,1
Roadside assistance arrived within 25 minutes after my car broke down on highway. Impressive! Regarding my term insurance. Very pleased.,4,1
They deducted 40 percent of my claim amount citing obscure clauses not mentioned earlier. Applied for my comprehensive coverage. Extremely disappointed.,2,0
Fraudulent claim investigation opened against legitimate collision damage. Harassment! Applied for my motor insurance. Extremely disappointed.,2,0
Quick approval for windshield replacement. No unnecessary questions asked. Regarding my comprehensive coverage. Outstanding work.,4,1
Transparent claim verification and fast payout. Best insurance experience I have had so far. Regarding my motor insurance. 10/10 service.,5,1
Renewal process is so simple and discounts for claim-free years are very attractive. Regarding my health policy. Great job!,5,1
Surveyor took two weeks to inspect vehicle damage and reported inaccurate assessment. Applied for my family floater plan. Avoid this company.,1,0
Prompt response on chat support. All my queries regarding deductible were clarified clearly. Regarding my comprehensive coverage. Smooth process.,5,1
Poor communication from claim department. Status stayed under review for weeks. Applied for my car policy. Total waste of money.,2,0
Claim rejected without any clear explanation after paying premiums diligently for 4 years. Applied for my term insurance. Extremely disappointed.,1,0
Claim officer guided me through all required documentation step by step. Very professional. Regarding my health policy. Really impressed.,4,1
Very easy claim filing process through the mobile app. Highly recommend this insurance provider. Regarding my bike insurance. Really impressed.,4,1
Waited 3 months with no response. Worst customer service ever encountered. Applied for my comprehensive coverage. Avoid this company.,2,0
Fair premium quotes and comprehensive health coverage with no hidden clauses. Regarding my family floater plan. Very pleased.,4,1
Prompt response on chat support. All my queries regarding deductible were clarified clearly. Regarding my family floater plan. Outstanding work.,5,1
Misleading policy benefits sold by agent. Critical illness coverage had hidden sub-limits. Applied for my health policy. Completely unacceptable.,1,0
Great digital experience. Uploaded photos of car dent and claim approved within 3 hours. Regarding my bike insurance. Smooth process.,5,1
Terrible experience. Customer support keeps putting me on hold and never returns calls. Applied for my car policy. Avoid this company.,1,0
Excellent experience with InsureAI! The reimbursement was credited in just 2 days. Regarding my comprehensive coverage. Smooth process.,4,1
Prompt response on chat support. All my queries regarding deductible were clarified clearly. Regarding my bike insurance. Very pleased.,5,1
They deducted 40 percent of my claim amount citing obscure clauses not mentioned earlier. Applied for my car policy. Never purchasing again.,1,0
Extremely high renewal premium hike without any filed claims or medical history change. Applied for my family floater plan. Extremely disappointed.,2,0
My claim was settled very fast and the support team was genuinely helpful throughout. Regarding my car policy. Great job!,4,1
Poor communication from claim department. Status stayed under review for weeks. Applied for my comprehensive coverage. Total waste of money.,2,0
Cashless hospitalization process was totally hassle-free. Hospital desk handled everything smoothly. Regarding my term insurance. 10/10 service.,5,1
Fair premium quotes and comprehensive health coverage with no hidden clauses. Regarding my bike insurance. Really impressed.,5,1
Claim rejected without any clear explanation after paying premiums diligently for 4 years. Applied for my car policy. Worst experience.,1,0
Terrible experience. Customer support keeps putting me on hold and never returns calls. Applied for my family floater plan. Extremely disappointed.,1,0
Waited 3 months with no response. Worst customer service ever encountered. Applied for my car policy. Never purchasing again.,2,0
Transparent claim verification and fast payout. Best insurance experience I have had so far. Regarding my family floater plan. Smooth process.,4,1
They deducted 40 percent of my claim amount citing obscure clauses not mentioned earlier. Applied for my family floater plan. Completely unacceptable.,1,0
App crashes constantly while uploading accident damage photos. Very frustrating interface. Applied for my term insurance. Extremely disappointed.,1,0
App crashes constantly while uploading accident damage photos. Very frustrating interface. Applied for my term insurance. Extremely disappointed.,1,0
Dispute resolution process is a complete nightmare. Nobody takes accountability. Applied for my bike insurance. Never purchasing again.,1,0
Cashless hospitalization process was totally hassle-free. Hospital desk handled everything smoothly. Regarding my health policy. Very pleased.,5,1
Hidden deductibles and co-pay percentages that were never disclosed at time of purchase. Applied for my car policy. Zero stars.,2,0
Terrible experience. Customer support keeps putting me on hold and never returns calls. Applied for my bike insurance. Worst experience.,2,0
"Customer care officer was polite, patient, and solved my policy renewal query in minutes. Regarding my comprehensive coverage. 10/10 service.",4,1
Third party claim settled without any disputes or delays. Very satisfied with the service. Regarding my family floater plan. Really impressed.,5,1
Misleading policy benefits sold by agent. Critical illness coverage had hidden sub-limits. Applied for my health policy. Zero stars.,1,0
Transparent claim verification and fast payout. Best insurance experience I have had so far. Regarding my health policy. 10/10 service.,4,1
Roadside assistance arrived within 25 minutes after my car broke down on highway. Impressive! Regarding my health policy. 10/10 service.,5,1
Affordable health insurance plan for senior citizens with extensive hospital network. Regarding my comprehensive coverage. Will renew for sure.,5,1
Renewal process is so simple and discounts for claim-free years are very attractive. Regarding my term insurance. Very pleased.,5,1
Rude and unhelpful support staff. Kept asking for same documents repeatedly. Applied for my car policy. Extremely disappointed.,1,0
They deducted 40 percent of my claim amount citing obscure clauses not mentioned earlier. Applied for my bike insurance. Avoid this company.,1,0
Quick approval for windshield replacement. No unnecessary questions asked. Regarding my family floater plan. Really impressed.,5,1
Affordable health insurance plan for senior citizens with extensive hospital network. Regarding my health policy. Great job!,5,1
Fair premium quotes and comprehensive health coverage with no hidden clauses. Regarding my motor insurance. Thank you team.,5,1
Quick approval for windshield replacement. No unnecessary questions asked. Regarding my family floater plan. Really impressed.,5,1
Delayed reimbursement for emergency treatment by over 60 days. Pathetic follow-up. Applied for my comprehensive coverage. Avoid this company.,2,0
They deducted 40 percent of my claim amount citing obscure clauses not mentioned earlier. Applied for my motor insurance. Completely unacceptable.,2,0
Claim officer guided me through all required documentation step by step. Very professional. Regarding my health policy. Great job!,5,1
Great digital experience. Uploaded photos of car dent and claim approved within 3 hours. Regarding my comprehensive coverage. 10/10 service.,5,1
My claim was settled very fast and the support team was genuinely helpful throughout. Regarding my family floater plan. Very pleased.,4,1
Quick approval for windshield replacement. No unnecessary questions asked. Regarding my bike insurance. Thank you team.,4,1
Poor communication from claim department. Status stayed under review for weeks. Applied for my family floater plan. Avoid this company.,1,0
Misleading policy benefits sold by agent. Critical illness coverage had hidden sub-limits. Applied for my bike insurance. Avoid this company.,2,0
Claim officer guided me through all required documentation step by step. Very professional. Regarding my family floater plan. Very pleased.,4,1
Fair premium quotes and comprehensive health coverage with no hidden clauses. Regarding my motor insurance. Great job!,5,1
Fair premium quotes and comprehensive health coverage with no hidden clauses. Regarding my family floater plan. Great job!,4,1
Transparent claim verification and fast payout. Best insurance experience I have had so far. Regarding my motor insurance. Great job!,5,1
Renewal process is so simple and discounts for claim-free years are very attractive. Regarding my car policy. 10/10 service.,4,1
Dispute resolution process is a complete nightmare. Nobody takes accountability. Applied for my health policy. Avoid this company.,1,0
Roadside assistance arrived within 25 minutes after my car broke down on highway. Impressive! Regarding my bike insurance. Smooth process.,4,1
Misleading policy benefits sold by agent. Critical illness coverage had hidden sub-limits. Applied for my car policy. Never purchasing again.,1,0
"Customer care officer was polite, patient, and solved my policy renewal query in minutes. Regarding my term insurance. Will renew for sure.",4,1
"Customer care officer was polite, patient, and solved my policy renewal query in minutes. Regarding my bike insurance. Great job!",5,1
Dispute resolution process is a complete nightmare. Nobody takes accountability. Applied for my comprehensive coverage. Zero stars.,2,0
Claim rejected without any clear explanation after paying premiums diligently for 4 years. Applied for my motor insurance. Extremely disappointed.,2,0
My claim was settled very fast and the support team was genuinely helpful throughout. Regarding my health policy. Thank you team.,4,1
Fraudulent claim investigation opened against legitimate collision damage. Harassment! Applied for my health policy. Completely unacceptable.,1,0
Rude and unhelpful support staff. Kept asking for same documents repeatedly. Applied for my health policy. Never purchasing again.,1,0
Great digital experience. Uploaded photos of car dent and claim approved within 3 hours. Regarding my comprehensive coverage. Great job!,5,1
Hidden deductibles and co-pay percentages that were never disclosed at time of purchase. Applied for my car policy. Never purchasing again.,2,0
Misleading policy benefits sold by agent. Critical illness coverage had hidden sub-limits. Applied for my comprehensive coverage. Total waste of money.,1,0
Excellent experience with InsureAI! The reimbursement was credited in just 2 days. Regarding my motor insurance. Great job!,5,1
They deducted 40 percent of my claim amount citing obscure clauses not mentioned earlier. Applied for my bike insurance. Total waste of money.,1,0
Transparent claim verification and fast payout. Best insurance experience I have had so far. Regarding my term insurance. Very pleased.,5,1
Hidden deductibles and co-pay percentages that were never disclosed at time of purchase. Applied for my health policy. Total waste of money.,2,0
Quick approval for windshield replacement. No unnecessary questions asked. Regarding my health policy. Smooth process.,4,1
Great digital experience. Uploaded photos of car dent and claim approved within 3 hours. Regarding my term insurance. Thank you team.,4,1
Fraudulent claim investigation opened against legitimate collision damage. Harassment! Applied for my motor insurance. Worst experience.,2,0
Delayed reimbursement for emergency treatment by over 60 days. Pathetic follow-up. Applied for my comprehensive coverage. Avoid this company.,1,0
They deducted 40 percent of my claim amount citing obscure clauses not mentioned earlier. Applied for my car policy. Completely unacceptable.,2,0
Terrible experience. Customer support keeps putting me on hold and never returns calls. Applied for my motor insurance. Zero stars.,1,0
Affordable health insurance plan for senior citizens with extensive hospital network. Regarding my comprehensive coverage. Great job!,4,1
Excellent experience with InsureAI! The reimbursement was credited in just 2 days. Regarding my motor insurance. 10/10 service.,5,1
Extremely high renewal premium hike without any filed claims or medical history change. Applied for my car policy. Completely unacceptable.,2,0
Hidden deductibles and co-pay percentages that were never disclosed at time of purchase. Applied for my bike insurance. Extremely disappointed.,2,0
Cashless hospitalization process was totally hassle-free. Hospital desk handled everything smoothly. Regarding my term insurance. Will renew for sure.,4,1
Cashless hospital network was rejected at hospital admission. Had to pay from my pocket. Applied for my comprehensive coverage. Completely unacceptable.,1,0
Great digital experience. Uploaded photos of car dent and claim approved within 3 hours. Regarding my family floater plan. Great job!,5,1
Affordable health insurance plan for senior citizens with extensive hospital network. Regarding my bike insurance. Smooth process.,5,1
"Customer care officer was polite, patient, and solved my policy renewal query in minutes. Regarding my family floater plan. Thank you team.",5,1
Claim rejected without any clear explanation after paying premiums diligently for 4 years. Applied for my bike insurance. Completely unacceptable.,2,0
Third party claim settled without any disputes or delays. Very satisfied with the service. Regarding my motor insurance. Thank you team.,4,1
Renewal process is so simple and discounts for claim-free years are very attractive. Regarding my health policy. Really impressed.,5,1
Rude and unhelpful support staff. Kept asking for same documents repeatedly. Applied for my motor insurance. Zero stars.,1,0
Excellent experience with InsureAI! The reimbursement was credited in just 2 days. Regarding my bike insurance. Thank you team.,5,1
Poor communication from claim department. Status stayed under review for weeks. Applied for my bike insurance. Total waste of money.,2,0
They deducted 40 percent of my claim amount citing obscure clauses not mentioned earlier. Applied for my bike insurance. Disastrous service.,1,0
Surveyor took two weeks to inspect vehicle damage and reported inaccurate assessment. Applied for my comprehensive coverage. Disastrous service.,1,0
Delayed reimbursement for emergency treatment by over 60 days. Pathetic follow-up. Applied for my bike insurance. Never purchasing again.,2,0
My claim was settled very fast and the support team was genuinely helpful throughout. Regarding my bike insurance. 10/10 service.,5,1
Excellent experience with InsureAI! The reimbursement was credited in just 2 days. Regarding my bike insurance. 10/10 service.,5,1
Cashless hospitalization process was totally hassle-free. Hospital desk handled everything smoothly. Regarding my comprehensive coverage. 10/10 service.,4,1
Rude and unhelpful support staff. Kept asking for same documents repeatedly. Applied for my bike insurance. Completely unacceptable.,2,0
Extremely high renewal premium hike without any filed claims or medical history change. Applied for my bike insurance. Disastrous service.,1,0
Prompt response on chat support. All my queries regarding deductible were clarified clearly. Regarding my car policy. Outstanding work.,4,1
Surveyor took two weeks to inspect vehicle damage and reported inaccurate assessment. Applied for my term insurance. Completely unacceptable.,1,0
Cashless hospitalization process was totally hassle-free. Hospital desk handled everything smoothly. Regarding my term insurance. Outstanding work.,4,1
Great digital experience. Uploaded photos of car dent and claim approved within 3 hours. Regarding my motor insurance. Smooth process.,5,1
Great digital experience. Uploaded photos of car dent and claim approved within 3 hours. Regarding my comprehensive coverage. Thank you team.,4,1
Dispute resolution process is a complete nightmare. Nobody takes accountability. Applied for my bike insurance. Disastrous service.,1,0
Surveyor took two weeks to inspect vehicle damage and reported inaccurate assessment. Applied for my term insurance. Extremely disappointed.,2,0
Fraudulent claim investigation opened against legitimate collision damage. Harassment! Applied for my bike insurance. Never purchasing again.,2,0
Transparent claim verification and fast payout. Best insurance experience I have had so far. Regarding my comprehensive coverage. Really impressed.,4,1
Terrible experience. Customer support keeps putting me on hold and never returns calls. Applied for my family floater plan. Extremely disappointed.,2,0
Cashless hospitalization process was totally hassle-free. Hospital desk handled everything smoothly. Regarding my motor insurance. Will renew for sure.,4,1
Renewal process is so simple and discounts for claim-free years are very attractive. Regarding my comprehensive coverage. Great job!,4,1
Terrible experience. Customer support keeps putting me on hold and never returns calls. Applied for my comprehensive coverage. Never purchasing again.,1,0
Renewal process is so simple and discounts for claim-free years are very attractive. Regarding my comprehensive coverage. Smooth process.,5,1
App crashes constantly while uploading accident damage photos. Very frustrating interface. Applied for my health policy. Never purchasing again.,1,0
Claim officer guided me through all required documentation step by step. Very professional. Regarding my bike insurance. Smooth process.,4,1
Renewal process is so simple and discounts for claim-free years are very attractive. Regarding my bike insurance. Will renew for sure.,5,1
App crashes constantly while uploading accident damage photos. Very frustrating interface. Applied for my car policy. Zero stars.,2,0
Misleading policy benefits sold by agent. Critical illness coverage had hidden sub-limits. Applied for my term insurance. Extremely disappointed.,2,0
Cashless hospitalization process was totally hassle-free. Hospital desk handled everything smoothly. Regarding my family floater plan. Very pleased.,5,1
Fair premium quotes and comprehensive health coverage with no hidden clauses. Regarding my comprehensive coverage. Great job!,5,1
Poor communication from claim department. Status stayed under review for weeks. Applied for my car policy. Extremely disappointed.,1,0
Roadside assistance arrived within 25 minutes after my car broke down on highway. Impressive! Regarding my term insurance. Will renew for sure.,5,1
Rude and unhelpful support staff. Kept asking for same documents repeatedly. Applied for my term insurance. Zero stars.,1,0
App crashes constantly while uploading accident damage photos. Very frustrating interface. Applied for my health policy. Avoid this company.,2,0
Roadside assistance arrived within 25 minutes after my car broke down on highway. Impressive! Regarding my term insurance. Really impressed.,4,1
Roadside assistance arrived within 25 minutes after my car broke down on highway. Impressive! Regarding my comprehensive coverage. Outstanding work.,5,1
Cashless hospitalization process was totally hassle-free. Hospital desk handled everything smoothly. Regarding my health policy. Will renew for sure.,5,1
Roadside assistance arrived within 25 minutes after my car broke down on highway. Impressive! Regarding my car policy. Will renew for sure.,4,1
Terrible experience. Customer support keeps putting me on hold and never returns calls. Applied for my family floater plan. Avoid this company.,1,0
Cashless hospital network was rejected at hospital admission. Had to pay from my pocket. Applied for my motor insurance. Disastrous service.,2,0
App crashes constantly while uploading accident damage photos. Very frustrating interface. Applied for my bike insurance. Avoid this company.,2,0
Dispute resolution process is a complete nightmare. Nobody takes accountability. Applied for my term insurance. Completely unacceptable.,2,0
Great digital experience. Uploaded photos of car dent and claim approved within 3 hours. Regarding my car policy. Very pleased.,4,1
Renewal process is so simple and discounts for claim-free years are very attractive. Regarding my bike insurance. Will renew for sure.,5,1
"Customer care officer was polite, patient, and solved my policy renewal query in minutes. Regarding my motor insurance. Smooth process.",5,1
Transparent claim verification and fast payout. Best insurance experience I have had so far. Regarding my family floater plan. Really impressed.,4,1
Great digital experience. Uploaded photos of car dent and claim approved within 3 hours. Regarding my term insurance. Really impressed.,4,1
Great digital experience. Uploaded photos of car dent and claim approved within 3 hours. Regarding my term insurance. Great job!,4,1
Third party claim settled without any disputes or delays. Very satisfied with the service. Regarding my car policy. Smooth process.,4,1
Cashless hospital network was rejected at hospital admission. Had to pay from my pocket. Applied for my bike insurance. Avoid this company.,2,0
Waited 3 months with no response. Worst customer service ever encountered. Applied for my motor insurance. Zero stars.,2,0
Very easy claim filing process through the mobile app. Highly recommend this insurance provider. Regarding my comprehensive coverage. Thank you team.,4,1
"Customer care officer was polite, patient, and solved my policy renewal query in minutes. Regarding my family floater plan. Will renew for sure.",4,1
My claim was settled very fast and the support team was genuinely helpful throughout. Regarding my bike insurance. Very pleased.,5,1
Prompt response on chat support. All my queries regarding deductible were clarified clearly. Regarding my health policy. Really impressed.,5,1
Very easy claim filing process through the mobile app. Highly recommend this insurance provider. Regarding my term insurance. Outstanding work.,5,1
Claim rejected without any clear explanation after paying premiums diligently for 4 years. Applied for my comprehensive coverage. Avoid this company.,1,0
Third party claim settled without any disputes or delays. Very satisfied with the service. Regarding my term insurance. 10/10 service.,4,1
Fraudulent claim investigation opened against legitimate collision damage. Harassment! Applied for my bike insurance. Total waste of money.,1,0
Third party claim settled without any disputes or delays. Very satisfied with the service. Regarding my bike insurance. Will renew for sure.,4,1
Claim rejected without any clear explanation after paying premiums diligently for 4 years. Applied for my family floater plan. Zero stars.,2,0
Affordable health insurance plan for senior citizens with extensive hospital network. Regarding my bike insurance. Will renew for sure.,4,1
Quick approval for windshield replacement. No unnecessary questions asked. Regarding my car policy. Really impressed.,5,1
Rude and unhelpful support staff. Kept asking for same documents repeatedly. Applied for my bike insurance. Worst experience.,1,0
Delayed reimbursement for emergency treatment by over 60 days. Pathetic follow-up. Applied for my bike insurance. Completely unacceptable.,2,0
Transparent claim verification and fast payout. Best insurance experience I have had so far. Regarding my car policy. Smooth process.,4,1
Surveyor took two weeks to inspect vehicle damage and reported inaccurate assessment. Applied for my health policy. Extremely disappointed.,2,0
Hidden deductibles and co-pay percentages that were never disclosed at time of purchase. Applied for my term insurance. Never purchasing again.,1,0
Renewal process is so simple and discounts for claim-free years are very attractive. Regarding my family floater plan. Really impressed.,5,1
Roadside assistance arrived within 25 minutes after my car broke down on highway. Impressive! Regarding my bike insurance. Great job!,4,1
Great digital experience. Uploaded photos of car dent and claim approved within 3 hours. Regarding my health policy. Thank you team.,4,1
Third party claim settled without any disputes or delays. Very satisfied with the service. Regarding my car policy. Will renew for sure.,5,1
My claim was settled very fast and the support team was genuinely helpful throughout. Regarding my health policy. Great job!,4,1
"Customer care officer was polite, patient, and solved my policy renewal query in minutes. Regarding my motor insurance. Thank you team.",4,1
App crashes constantly while uploading accident damage photos. Very frustrating interface. Applied for my family floater plan. Avoid this company.,1,0
"Customer care officer was polite, patient, and solved my policy renewal query in minutes. Regarding my comprehensive coverage. Thank you team.",5,1
Fair premium quotes and comprehensive health coverage with no hidden clauses. Regarding my bike insurance. Smooth process.,5,1
Rude and unhelpful support staff. Kept asking for same documents repeatedly. Applied for my comprehensive coverage. Worst experience.,1,0
Transparent claim verification and fast payout. Best insurance experience I have had so far. Regarding my term insurance. Will renew for sure.,4,1
Great digital experience. Uploaded photos of car dent and claim approved within 3 hours. Regarding my term insurance. Really impressed.,5,1
Claim officer guided me through all required documentation step by step. Very professional. Regarding my health policy. Will renew for sure.,5,1
Quick approval for windshield replacement. No unnecessary questions asked. Regarding my bike insurance. Very pleased.,4,1
Cashless hospital network was rejected at hospital admission. Had to pay from my pocket. Applied for my motor insurance. Avoid this company.,1,0
Cashless hospital network was rejected at hospital admission. Had to pay from my pocket. Applied for my family floater plan. Zero stars.,1,0
Roadside assistance arrived within 25 minutes after my car broke down on highway. Impressive! Regarding my term insurance. Outstanding work.,5,1
Claim officer guided me through all required documentation step by step. Very professional. Regarding my bike insurance. Thank you team.,5,1
Cashless hospitalization process was totally hassle-free. Hospital desk handled everything smoothly. Regarding my bike insurance. Really impressed.,5,1
Terrible experience. Customer support keeps putting me on hold and never returns calls. Applied for my bike insurance. Zero stars.,2,0
Quick approval for windshield replacement. No unnecessary questions asked. Regarding my bike insurance. Very pleased.,5,1
My claim was settled very fast and the support team was genuinely helpful throughout. Regarding my health policy. Really impressed.,4,1
Surveyor took two weeks to inspect vehicle damage and reported inaccurate assessment. Applied for my family floater plan. Zero stars.,2,0
Claim rejected without any clear explanation after paying premiums diligently for 4 years. Applied for my motor insurance. Zero stars.,1,0
Fair premium quotes and comprehensive health coverage with no hidden clauses. Regarding my term insurance. Great job!,4,1
Misleading policy benefits sold by agent. Critical illness coverage had hidden sub-limits. Applied for my comprehensive coverage. Worst experience.,1,0
Excellent experience with InsureAI! The reimbursement was credited in just 2 days. Regarding my comprehensive coverage. Great job!,4,1
Dispute resolution process is a complete nightmare. Nobody takes accountability. Applied for my term insurance. Disastrous service.,1,0
Delayed reimbursement for emergency treatment by over 60 days. Pathetic follow-up. Applied for my car policy. Avoid this company.,1,0
Very easy claim filing process through the mobile app. Highly recommend this insurance provider. Regarding my health policy. Really impressed.,5,1
Rude and unhelpful support staff. Kept asking for same documents repeatedly. Applied for my health policy. Worst experience.,2,0
Waited 3 months with no response. Worst customer service ever encountered. Applied for my comprehensive coverage. Total waste of money.,1,0
Excellent experience with InsureAI! The reimbursement was credited in just 2 days. Regarding my motor insurance. Smooth process.,5,1
Delayed reimbursement for emergency treatment by over 60 days. Pathetic follow-up. Applied for my term insurance. Completely unacceptable.,1,0
Prompt response on chat support. All my queries regarding deductible were clarified clearly. Regarding my family floater plan. Very pleased.,5,1
Cashless hospital network was rejected at hospital admission. Had to pay from my pocket. Applied for my family floater plan. Zero stars.,1,0
Rude and unhelpful support staff. Kept asking for same documents repeatedly. Applied for my comprehensive coverage. Worst experience.,2,0
Poor communication from claim department. Status stayed under review for weeks. Applied for my bike insurance. Avoid this company.,1,0
Cashless hospitalization process was totally hassle-free. Hospital desk handled everything smoothly. Regarding my bike insurance. Will renew for sure.,5,1
Delayed reimbursement for emergency treatment by over 60 days. Pathetic follow-up. Applied for my family floater plan. Extremely disappointed.,2,0
"Customer care officer was polite, patient, and solved my policy renewal query in minutes. Regarding my motor insurance. Very pleased.",5,1
App crashes constantly while uploading accident damage photos. Very frustrating interface. Applied for my bike insurance. Worst experience.,2,0
Very easy claim filing process through the mobile app. Highly recommend this insurance provider. Regarding my health policy. Thank you team.,5,1
My claim was settled very fast and the support team was genuinely helpful throughout. Regarding my health policy. Will renew for sure.,4,1
Excellent experience with InsureAI! The reimbursement was credited in just 2 days. Regarding my bike insurance. Great job!,4,1
Terrible experience. Customer support keeps putting me on hold and never returns calls. Applied for my term insurance. Total waste of money.,1,0
Dispute resolution process is a complete nightmare. Nobody takes accountability. Applied for my bike insurance. Total waste of money.,1,0
Renewal process is so simple and discounts for claim-free years are very attractive. Regarding my health policy. Thank you team.,4,1
Misleading policy benefits sold by agent. Critical illness coverage had hidden sub-limits. Applied for my family floater plan. Total waste of money.,1,0
Misleading policy benefits sold by agent. Critical illness coverage had hidden sub-limits. Applied for my family floater plan. Zero stars.,1,0
Cashless hospital network was rejected at hospital admission. Had to pay from my pocket. Applied for my health policy. Completely unacceptable.,2,0
Claim rejected without any clear explanation after paying premiums diligently for 4 years. Applied for my motor insurance. Disastrous service.,1,0
Great digital experience. Uploaded photos of car dent and claim approved within 3 hours. Regarding my car policy. Smooth process.,4,1
App crashes constantly while uploading accident damage photos. Very frustrating interface. Applied for my term insurance. Never purchasing again.,2,0
They deducted 40 percent of my claim amount citing obscure clauses not mentioned earlier. Applied for my health policy. Never purchasing again.,2,0
App crashes constantly while uploading accident damage photos. Very frustrating interface. Applied for my family floater plan. Extremely disappointed.,2,0
Very easy claim filing process through the mobile app. Highly recommend this insurance provider. Regarding my comprehensive coverage. 10/10 service.,4,1
My claim was settled very fast and the support team was genuinely helpful throughout. Regarding my bike insurance. Thank you team.,4,1
My claim was settled very fast and the support team was genuinely helpful throughout. Regarding my car policy. 10/10 service.,5,1
Prompt response on chat support. All my queries regarding deductible were clarified clearly. Regarding my car policy. Really impressed.,5,1
Poor communication from claim department. Status stayed under review for weeks. Applied for my car policy. Avoid this company.,2,0
Surveyor took two weeks to inspect vehicle damage and reported inaccurate assessment. Applied for my family floater plan. Worst experience.,1,0
Cashless hospital network was rejected at hospital admission. Had to pay from my pocket. Applied for my bike insurance. Completely unacceptable.,1,0
Excellent experience with InsureAI! The reimbursement was credited in just 2 days. Regarding my health policy. Thank you team.,4,1
Fair premium quotes and comprehensive health coverage with no hidden clauses. Regarding my car policy. Will renew for sure.,5,1
Great digital experience. Uploaded photos of car dent and claim approved within 3 hours. Regarding my car policy. Will renew for sure.,5,1
Terrible experience. Customer support keeps putting me on hold and never returns calls. Applied for my comprehensive coverage. Never purchasing again.,2,0
App crashes constantly while uploading accident damage photos. Very frustrating interface. Applied for my health policy. Avoid this company.,2,0
Great digital experience. Uploaded photos of car dent and claim approved within 3 hours. Regarding my term insurance. Smooth process.,4,1
Transparent claim verification and fast payout. Best insurance experience I have had so far. Regarding my health policy. Will renew for sure.,5,1
Quick approval for windshield replacement. No unnecessary questions asked. Regarding my bike insurance. 10/10 service.,5,1
Waited 3 months with no response. Worst customer service ever encountered. Applied for my health policy. Total waste of money.,1,0
"Customer care officer was polite, patient, and solved my policy renewal query in minutes. Regarding my car policy. 10/10 service.",5,1
Quick approval for windshield replacement. No unnecessary questions asked. Regarding my family floater plan. Great job!,4,1
Misleading policy benefits sold by agent. Critical illness coverage had hidden sub-limits. Applied for my comprehensive coverage. Avoid this company.,2,0
Great digital experience. Uploaded photos of car dent and claim approved within 3 hours. Regarding my bike insurance. Very pleased.,5,1
Surveyor took two weeks to inspect vehicle damage and reported inaccurate assessment. Applied for my car policy. Never purchasing again.,2,0
Surveyor took two weeks to inspect vehicle damage and reported inaccurate assessment. Applied for my term insurance. Total waste of money.,1,0
Fair premium quotes and comprehensive health coverage with no hidden clauses. Regarding my car policy. 10/10 service.,5,1
Transparent claim verification and fast payout. Best insurance experience I have had so far. Regarding my health policy. Great job!,5,1
Misleading policy benefits sold by agent. Critical illness coverage had hidden sub-limits. Applied for my term insurance. Worst experience.,2,0
Dispute resolution process is a complete nightmare. Nobody takes accountability. Applied for my health policy. Avoid this company.,1,0
Very easy claim filing process through the mobile app. Highly recommend this insurance provider. Regarding my family floater plan. Great job!,5,1
Third party claim settled without any disputes or delays. Very satisfied with the service. Regarding my car policy. Will renew for sure.,4,1
Terrible experience. Customer support keeps putting me on hold and never returns calls. Applied for my comprehensive coverage. Zero stars.,1,0
Roadside assistance arrived within 25 minutes after my car broke down on highway. Impressive! Regarding my health policy. 10/10 service.,4,1
Roadside assistance arrived within 25 minutes after my car broke down on highway. Impressive! Regarding my bike insurance. Great job!,4,1
Rude and unhelpful support staff. Kept asking for same documents repeatedly. Applied for my car policy. Completely unacceptable.,1,0
Fraudulent claim investigation opened against legitimate collision damage. Harassment! Applied for my car policy. Worst experience.,2,0
Hidden deductibles and co-pay percentages that were never disclosed at time of purchase. Applied for my comprehensive coverage. Zero stars.,2,0
Very easy claim filing process through the mobile app. Highly recommend this insurance provider. Regarding my bike insurance. Smooth process.,5,1
"Customer care officer was polite, patient, and solved my policy renewal query in minutes. Regarding my bike insurance. Smooth process.",4,1
Delayed reimbursement for emergency treatment by over 60 days. Pathetic follow-up. Applied for my family floater plan. Worst experience.,1,0
Renewal process is so simple and discounts for claim-free years are very attractive. Regarding my car policy. Very pleased.,4,1
Extremely high renewal premium hike without any filed claims or medical history change. Applied for my family floater plan. Completely unacceptable.,2,0
Claim rejected without any clear explanation after paying premiums diligently for 4 years. Applied for my comprehensive coverage. Total waste of money.,2,0
Third party claim settled without any disputes or delays. Very satisfied with the service. Regarding my motor insurance. 10/10 service.,5,1
Cashless hospitalization process was totally hassle-free. Hospital desk handled everything smoothly. Regarding my car policy. Great job!,4,1
Rude and unhelpful support staff. Kept asking for same documents repeatedly. Applied for my bike insurance. Zero stars.,2,0
Rude and unhelpful support staff. Kept asking for same documents repeatedly. Applied for my motor insurance. Total waste of money.,1,0
Transparent claim verification and fast payout. Best insurance experience I have had so far. Regarding my bike insurance. Will renew for sure.,5,1
Claim rejected without any clear explanation after paying premiums diligently for 4 years. Applied for my term insurance. Extremely disappointed.,1,0
Extremely high renewal premium hike without any filed claims or medical history change. Applied for my comprehensive coverage. Worst experience.,1,0
Excellent experience with InsureAI! The reimbursement was credited in just 2 days. Regarding my comprehensive coverage. Great job!,4,1
Poor communication from claim department. Status stayed under review for weeks. Applied for my health policy. Total waste of money.,2,0
Cashless hospital network was rejected at hospital admission. Had to pay from my pocket. Applied for my health policy. Completely unacceptable.,1,0
Delayed reimbursement for emergency treatment by over 60 days. Pathetic follow-up. Applied for my health policy. Completely unacceptable.,1,0
Claim officer guided me through all required documentation step by step. Very professional. Regarding my health policy. Will renew for sure.,5,1
Third party claim settled without any disputes or delays. Very satisfied with the service. Regarding my comprehensive coverage. Will renew for sure.,5,1
Renewal process is so simple and discounts for claim-free years are very attractive. Regarding my car policy. Really impressed.,4,1
Dispute resolution process is a complete nightmare. Nobody takes accountability. Applied for my motor insurance. Worst experience.,2,0
Third party claim settled without any disputes or delays. Very satisfied with the service. Regarding my term insurance. Really impressed.,4,1
Claim officer guided me through all required documentation step by step. Very professional. Regarding my health policy. Really impressed.,5,1
Extremely high renewal premium hike without any filed claims or medical history change. Applied for my comprehensive coverage. Disastrous service.,2,0
Roadside assistance arrived within 25 minutes after my car broke down on highway. Impressive! Regarding my bike insurance. 10/10 service.,5,1
"Customer care officer was polite, patient, and solved my policy renewal query in minutes. Regarding my bike insurance. Great job!",5,1
My claim was settled very fast and the support team was genuinely helpful throughout. Regarding my family floater plan. Outstanding work.,5,1
Dispute resolution process is a complete nightmare. Nobody takes accountability. Applied for my term insurance. Extremely disappointed.,2,0
Renewal process is so simple and discounts for claim-free years are very attractive. Regarding my motor insurance. 10/10 service.,5,1
Claim rejected without any clear explanation after paying premiums diligently for 4 years. Applied for my health policy. Worst experience.,1,0
"Customer care officer was polite, patient, and solved my policy renewal query in minutes. Regarding my health policy. Really impressed.",4,1
Prompt response on chat support. All my queries regarding deductible were clarified clearly. Regarding my family floater plan. Great job!,4,1
"Customer care officer was polite, patient, and solved my policy renewal query in minutes. Regarding my family floater plan. Very pleased.",5,1
Third party claim settled without any disputes or delays. Very satisfied with the service. Regarding my bike insurance. Great job!,4,1
Claim rejected without any clear explanation after paying premiums diligently for 4 years. Applied for my health policy. Extremely disappointed.,2,0
Misleading policy benefits sold by agent. Critical illness coverage had hidden sub-limits. Applied for my term insurance. Extremely disappointed.,1,0
Cashless hospital network was rejected at hospital admission. Had to pay from my pocket. Applied for my comprehensive coverage. Worst experience.,2,0
Transparent claim verification and fast payout. Best insurance experience I have had so far. Regarding my term insurance. 10/10 service.,5,1
"Customer care officer was polite, patient, and solved my policy renewal query in minutes. Regarding my car policy. Thank you team.",5,1
"Customer care officer was polite, patient, and solved my policy renewal query in minutes. Regarding my comprehensive coverage. Really impressed.",5,1
Claim officer guided me through all required documentation step by step. Very professional. Regarding my family floater plan. Great job!,4,1
Dispute resolution process is a complete nightmare. Nobody takes accountability. Applied for my health policy. Worst experience.,1,0
Dispute resolution process is a complete nightmare. Nobody takes accountability. Applied for my bike insurance. Worst experience.,2,0
Quick approval for windshield replacement. No unnecessary questions asked. Regarding my family floater plan. Very pleased.,4,1
Dispute resolution process is a complete nightmare. Nobody takes accountability. Applied for my bike insurance. Never purchasing again.,2,0
Excellent experience with InsureAI! The reimbursement was credited in just 2 days. Regarding my motor insurance. Really impressed.,5,1
Quick approval for windshield replacement. No unnecessary questions asked. Regarding my term insurance. Thank you team.,5,1
Transparent claim verification and fast payout. Best insurance experience I have had so far. Regarding my bike insurance. Very pleased.,4,1
Great digital experience. Uploaded photos of car dent and claim approved within 3 hours. Regarding my comprehensive coverage. Thank you team.,4,1
Fraudulent claim investigation opened against legitimate collision damage. Harassment! Applied for my motor insurance. Avoid this company.,2,0
Very easy claim filing process through the mobile app. Highly recommend this insurance provider. Regarding my health policy. Will renew for sure.,4,1
Hidden deductibles and co-pay percentages that were never disclosed at time of purchase. Applied for my comprehensive coverage. Avoid this company.,1,0
Fair premium quotes and comprehensive health coverage with no hidden clauses. Regarding my bike insurance. Will renew for sure.,4,1
Misleading policy benefits sold by agent. Critical illness coverage had hidden sub-limits. Applied for my bike insurance. Disastrous service.,1,0
Claim officer guided me through all required documentation step by step. Very professional. Regarding my bike insurance. Very pleased.,4,1
Excellent experience with InsureAI! The reimbursement was credited in just 2 days. Regarding my bike insurance. Outstanding work.,4,1
Prompt response on chat support. All my queries regarding deductible were clarified clearly. Regarding my family floater plan. Really impressed.,5,1
Extremely high renewal premium hike without any filed claims or medical history change. Applied for my family floater plan. Worst experience.,1,0
Cashless hospitalization process was totally hassle-free. Hospital desk handled everything smoothly. Regarding my comprehensive coverage. Very pleased.,4,1
Misleading policy benefits sold by agent. Critical illness coverage had hidden sub-limits. Applied for my car policy. Never purchasing again.,2,0
Claim officer guided me through all required documentation step by step. Very professional. Regarding my family floater plan. Outstanding work.,5,1
Terrible experience. Customer support keeps putting me on hold and never returns calls. Applied for my bike insurance. Never purchasing again.,2,0
Poor communication from claim department. Status stayed under review for weeks. Applied for my health policy. Total waste of money.,1,0
Waited 3 months with no response. Worst customer service ever encountered. Applied for my motor insurance. Avoid this company.,1,0
Waited 3 months with no response. Worst customer service ever encountered. Applied for my term insurance. Disastrous service.,1,0
Fair premium quotes and comprehensive health coverage with no hidden clauses. Regarding my bike insurance. Will renew for sure.,4,1
Third party claim settled without any disputes or delays. Very satisfied with the service. Regarding my comprehensive coverage. Will renew for sure.,5,1
My claim was settled very fast and the support team was genuinely helpful throughout. Regarding my motor insurance. Outstanding work.,5,1
Quick approval for windshield replacement. No unnecessary questions asked. Regarding my health policy. Smooth process.,5,1
Fraudulent claim investigation opened against legitimate collision damage. Harassment! Applied for my health policy. Avoid this company.,2,0
Rude and unhelpful support staff. Kept asking for same documents repeatedly. Applied for my health policy. Worst experience.,1,0
Renewal process is so simple and discounts for claim-free years are very attractive. Regarding my family floater plan. Great job!,4,1
Rude and unhelpful support staff. Kept asking for same documents repeatedly. Applied for my family floater plan. Zero stars.,2,0
Third party claim settled without any disputes or delays. Very satisfied with the service. Regarding my term insurance. Really impressed.,5,1
They deducted 40 percent of my claim amount citing obscure clauses not mentioned earlier. Applied for my car policy. Extremely disappointed.,1,0
Third party claim settled without any disputes or delays. Very satisfied with the service. Regarding my term insurance. 10/10 service.,4,1
Cashless hospitalization process was totally hassle-free. Hospital desk handled everything smoothly. Regarding my family floater plan. Very pleased.,5,1
Extremely high renewal premium hike without any filed claims or medical history change. Applied for my motor insurance. Disastrous service.,1,0
Surveyor took two weeks to inspect vehicle damage and reported inaccurate assessment. Applied for my term insurance. Avoid this company.,2,0
Renewal process is so simple and discounts for claim-free years are very attractive. Regarding my family floater plan. Will renew for sure.,5,1
My claim was settled very fast and the support team was genuinely helpful throughout. Regarding my bike insurance. Will renew for sure.,4,1
Fair premium quotes and comprehensive health coverage with no hidden clauses. Regarding my family floater plan. Really impressed.,4,1
They deducted 40 percent of my claim amount citing obscure clauses not mentioned earlier. Applied for my term insurance. Extremely disappointed.,2,0
Affordable health insurance plan for senior citizens with extensive hospital network. Regarding my bike insurance. 10/10 service.,5,1
Rude and unhelpful support staff. Kept asking for same documents repeatedly. Applied for my bike insurance. Extremely disappointed.,2,0
Very easy claim filing process through the mobile app. Highly recommend this insurance provider. Regarding my family floater plan. 10/10 service.,4,1
Terrible experience. Customer support keeps putting me on hold and never returns calls. Applied for my health policy. Zero stars.,2,0
"Customer care officer was polite, patient, and solved my policy renewal query in minutes. Regarding my comprehensive coverage. 10/10 service.",5,1
Very easy claim filing process through the mobile app. Highly recommend this insurance provider. Regarding my bike insurance. Smooth process.,4,1
Fraudulent claim investigation opened against legitimate collision damage. Harassment! Applied for my car policy. Completely unacceptable.,2,0
Cashless hospital network was rejected at hospital admission. Had to pay from my pocket. Applied for my motor insurance. Never purchasing again.,2,0
Surveyor took two weeks to inspect vehicle damage and reported inaccurate assessment. Applied for my bike insurance. Disastrous service.,2,0
Fraudulent claim investigation opened against legitimate collision damage. Harassment! Applied for my bike insurance. Completely unacceptable.,2,0
Third party claim settled without any disputes or delays. Very satisfied with the service. Regarding my family floater plan. Great job!,5,1
Prompt response on chat support. All my queries regarding deductible were clarified clearly. Regarding my health policy. Will renew for sure.,5,1
Cashless hospital network was rejected at hospital admission. Had to pay from my pocket. Applied for my family floater plan. Total waste of money.,2,0
Fair premium quotes and comprehensive health coverage with no hidden clauses. Regarding my car policy. Very pleased.,4,1
Surveyor took two weeks to inspect vehicle damage and reported inaccurate assessment. Applied for my motor insurance. Never purchasing again.,2,0
Poor communication from claim department. Status stayed under review for weeks. Applied for my motor insurance. Never purchasing again.,2,0
Prompt response on chat support. All my queries regarding deductible were clarified clearly. Regarding my family floater plan. Smooth process.,4,1
Prompt response on chat support. All my queries regarding deductible were clarified clearly. Regarding my motor insurance. Great job!,5,1
Waited 3 months with no response. Worst customer service ever encountered. Applied for my family floater plan. Disastrous service.,1,0
Dispute resolution process is a complete nightmare. Nobody takes accountability. Applied for my family floater plan. Worst experience.,2,0
Prompt response on chat support. All my queries regarding deductible were clarified clearly. Regarding my term insurance. Outstanding work.,4,1
Very easy claim filing process through the mobile app. Highly recommend this insurance provider. Regarding my health policy. Really impressed.,5,1
Very easy claim filing process through the mobile app. Highly recommend this insurance provider. Regarding my motor insurance. 10/10 service.,5,1
Claim officer guided me through all required documentation step by step. Very professional. Regarding my car policy. 10/10 service.,4,1
Roadside assistance arrived within 25 minutes after my car broke down on highway. Impressive! Regarding my health policy. Very pleased.,5,1
Claim officer guided me through all required documentation step by step. Very professional. Regarding my bike insurance. Outstanding work.,5,1
Misleading policy benefits sold by agent. Critical illness coverage had hidden sub-limits. Applied for my bike insurance. Extremely disappointed.,2,0
Misleading policy benefits sold by agent. Critical illness coverage had hidden sub-limits. Applied for my comprehensive coverage. Worst experience.,2,0
Transparent claim verification and fast payout. Best insurance experience I have had so far. Regarding my bike insurance. Thank you team.,5,1
Cashless hospitalization process was totally hassle-free. Hospital desk handled everything smoothly. Regarding my term insurance. Smooth process.,4,1
Claim rejected without any clear explanation after paying premiums diligently for 4 years. Applied for my motor insurance. Never purchasing again.,2,0
Dispute resolution process is a complete nightmare. Nobody takes accountability. Applied for my motor insurance. Completely unacceptable.,2,0
Claim rejected without any clear explanation after paying premiums diligently for 4 years. Applied for my motor insurance. Zero stars.,2,0
Very easy claim filing process through the mobile app. Highly recommend this insurance provider. Regarding my family floater plan. 10/10 service.,5,1
Excellent experience with InsureAI! The reimbursement was credited in just 2 days. Regarding my comprehensive coverage. Smooth process.,5,1
Cashless hospital network was rejected at hospital admission. Had to pay from my pocket. Applied for my term insurance. Avoid this company.,1,0
My claim was settled very fast and the support team was genuinely helpful throughout. Regarding my health policy. Smooth process.,4,1
My claim was settled very fast and the support team was genuinely helpful throughout. Regarding my motor insurance. Outstanding work.,5,1
Surveyor took two weeks to inspect vehicle damage and reported inaccurate assessment. Applied for my health policy. Completely unacceptable.,2,0
Claim rejected without any clear explanation after paying premiums diligently for 4 years. Applied for my motor insurance. Total waste of money.,2,0
Fair premium quotes and comprehensive health coverage with no hidden clauses. Regarding my term insurance. Smooth process.,4,1
Poor communication from claim department. Status stayed under review for weeks. Applied for my motor insurance. Extremely disappointed.,2,0
Transparent claim verification and fast payout. Best insurance experience I have had so far. Regarding my family floater plan. Really impressed.,5,1
They deducted 40 percent of my claim amount citing obscure clauses not mentioned earlier. Applied for my car policy. Worst experience.,2,0
Cashless hospitalization process was totally hassle-free. Hospital desk handled everything smoothly. Regarding my bike insurance. Really impressed.,5,1
Terrible experience. Customer support keeps putting me on hold and never returns calls. Applied for my family floater plan. Avoid this company.,2,0
Waited 3 months with no response. Worst customer service ever encountered. Applied for my health policy. Never purchasing again.,1,0
Terrible experience. Customer support keeps putting me on hold and never returns calls. Applied for my family floater plan. Zero stars.,1,0
Cashless hospital network was rejected at hospital admission. Had to pay from my pocket. Applied for my comprehensive coverage. Zero stars.,2,0
Claim officer guided me through all required documentation step by step. Very professional. Regarding my car policy. Outstanding work.,5,1
Poor communication from claim department. Status stayed under review for weeks. Applied for my bike insurance. Completely unacceptable.,2,0
Claim officer guided me through all required documentation step by step. Very professional. Regarding my health policy. Very pleased.,4,1
Rude and unhelpful support staff. Kept asking for same documents repeatedly. Applied for my term insurance. Completely unacceptable.,1,0
Fair premium quotes and comprehensive health coverage with no hidden clauses. Regarding my motor insurance. Great job!,5,1
"Customer care officer was polite, patient, and solved my policy renewal query in minutes. Regarding my term insurance. Thank you team.",5,1
Terrible experience. Customer support keeps putting me on hold and never returns calls. Applied for my term insurance. Total waste of money.,1,0
Transparent claim verification and fast payout. Best insurance experience I have had so far. Regarding my comprehensive coverage. Smooth process.,4,1
Cashless hospital network was rejected at hospital admission. Had to pay from my pocket. Applied for my term insurance. Completely unacceptable.,2,0
Rude and unhelpful support staff. Kept asking for same documents repeatedly. Applied for my bike insurance. Avoid this company.,1,0
Delayed reimbursement for emergency treatment by over 60 days. Pathetic follow-up. Applied for my family floater plan. Zero stars.,1,0
Hidden deductibles and co-pay percentages that were never disclosed at time of purchase. Applied for my comprehensive coverage. Avoid this company.,2,0
Great digital experience. Uploaded photos of car dent and claim approved within 3 hours. Regarding my comprehensive coverage. 10/10 service.,4,1
Dispute resolution process is a complete nightmare. Nobody takes accountability. Applied for my family floater plan. Worst experience.,1,0
Rude and unhelpful support staff. Kept asking for same documents repeatedly. Applied for my health policy. Zero stars.,2,0
Poor communication from claim department. Status stayed under review for weeks. Applied for my car policy. Total waste of money.,1,0
Surveyor took two weeks to inspect vehicle damage and reported inaccurate assessment. Applied for my bike insurance. Zero stars.,2,0
Prompt response on chat support. All my queries regarding deductible were clarified clearly. Regarding my family floater plan. Outstanding work.,5,1
Cashless hospital network was rejected at hospital admission. Had to pay from my pocket. Applied for my motor insurance. Avoid this company.,2,0
Third party claim settled without any disputes or delays. Very satisfied with the service. Regarding my car policy. Very pleased.,5,1
Rude and unhelpful support staff. Kept asking for same documents repeatedly. Applied for my family floater plan. Disastrous service.,1,0
Terrible experience. Customer support keeps putting me on hold and never returns calls. Applied for my comprehensive coverage. Disastrous service.,2,0
Quick approval for windshield replacement. No unnecessary questions asked. Regarding my car policy. Smooth process.,5,1
"Customer care officer was polite, patient, and solved my policy renewal query in minutes. Regarding my term insurance. Very pleased.",5,1
"Customer care officer was polite, patient, and solved my policy renewal query in minutes. Regarding my family floater plan. Really impressed.",4,1
My claim was settled very fast and the support team was genuinely helpful throughout. Regarding my family floater plan. Very pleased.,4,1
Poor communication from claim department. Status stayed under review for weeks. Applied for my family floater plan. Worst experience.,2,0
App crashes constantly while uploading accident damage photos. Very frustrating interface. Applied for my car policy. Extremely disappointed.,1,0
Prompt response on chat support. All my queries regarding deductible were clarified clearly. Regarding my motor insurance. Smooth process.,5,1
Terrible experience. Customer support keeps putting me on hold and never returns calls. Applied for my comprehensive coverage. Zero stars.,2,0
Cashless hospitalization process was totally hassle-free. Hospital desk handled everything smoothly. Regarding my health policy. Outstanding work.,5,1
Claim officer guided me through all required documentation step by step. Very professional. Regarding my motor insurance. Very pleased.,4,1
My claim was settled very fast and the support team was genuinely helpful throughout. Regarding my health policy. Outstanding work.,4,1
Excellent experience with InsureAI! The reimbursement was credited in just 2 days. Regarding my health policy. Outstanding work.,5,1
Extremely high renewal premium hike without any filed claims or medical history change. Applied for my term insurance. Completely unacceptable.,1,0
Fraudulent claim investigation opened against legitimate collision damage. Harassment! Applied for my term insurance. Zero stars.,1,0
Fraudulent claim investigation opened against legitimate collision damage. Harassment! Applied for my motor insurance. Worst experience.,1,0
Transparent claim verification and fast payout. Best insurance experience I have had so far. Regarding my motor insurance. Smooth process.,5,1
Hidden deductibles and co-pay percentages that were never disclosed at time of purchase. Applied for my comprehensive coverage. Avoid this company.,1,0
Excellent experience with InsureAI! The reimbursement was credited in just 2 days. Regarding my motor insurance. 10/10 service.,5,1
Waited 3 months with no response. Worst customer service ever encountered. Applied for my bike insurance. Total waste of money.,2,0
Terrible experience. Customer support keeps putting me on hold and never returns calls. Applied for my car policy. Avoid this company.,2,0
Cashless hospitalization process was totally hassle-free. Hospital desk handled everything smoothly. Regarding my car policy. 10/10 service.,5,1
Poor communication from claim department. Status stayed under review for weeks. Applied for my comprehensive coverage. Total waste of money.,1,0
Very easy claim filing process through the mobile app. Highly recommend this insurance provider. Regarding my motor insurance. Great job!,5,1
Poor communication from claim department. Status stayed under review for weeks. Applied for my family floater plan. Disastrous service.,1,0
My claim was settled very fast and the support team was genuinely helpful throughout. Regarding my car policy. Outstanding work.,5,1
Claim rejected without any clear explanation after paying premiums diligently for 4 years. Applied for my comprehensive coverage. Disastrous service.,1,0
Prompt response on chat support. All my queries regarding deductible were clarified clearly. Regarding my health policy. 10/10 service.,5,1
Terrible experience. Customer support keeps putting me on hold and never returns calls. Applied for my bike insurance. Completely unacceptable.,2,0
Cashless hospitalization process was totally hassle-free. Hospital desk handled everything smoothly. Regarding my motor insurance. Will renew for sure.,5,1
Cashless hospital network was rejected at hospital admission. Had to pay from my pocket. Applied for my bike insurance. Total waste of money.,2,0
Transparent claim verification and fast payout. Best insurance experience I have had so far. Regarding my health policy. Very pleased.,5,1
Very easy claim filing process through the mobile app. Highly recommend this insurance provider. Regarding my comprehensive coverage. Great job!,4,1
App crashes constantly while uploading accident damage photos. Very frustrating interface. Applied for my health policy. Zero stars.,2,0
Third party claim settled without any disputes or delays. Very satisfied with the service. Regarding my term insurance. Will renew for sure.,4,1
Rude and unhelpful support staff. Kept asking for same documents repeatedly. Applied for my comprehensive coverage. Extremely disappointed.,1,0
Claim rejected without any clear explanation after paying premiums diligently for 4 years. Applied for my motor insurance. Worst experience.,2,0
Hidden deductibles and co-pay percentages that were never disclosed at time of purchase. Applied for my family floater plan. Worst experience.,1,0
Fraudulent claim investigation opened against legitimate collision damage. Harassment! Applied for my bike insurance. Never purchasing again.,2,0
Extremely high renewal premium hike without any filed claims or medical history change. Applied for my motor insurance. Zero stars.,1,0
Renewal process is so simple and discounts for claim-free years are very attractive. Regarding my family floater plan. Smooth process.,4,1
Roadside assistance arrived within 25 minutes after my car broke down on highway. Impressive! Regarding my health policy. Very pleased.,4,1
Third party claim settled without any disputes or delays. Very satisfied with the service. Regarding my family floater plan. Great job!,4,1
Fair premium quotes and comprehensive health coverage with no hidden clauses. Regarding my bike insurance. Outstanding work.,5,1
Prompt response on chat support. All my queries regarding deductible were clarified clearly. Regarding my car policy. Great job!,5,1
Hidden deductibles and co-pay percentages that were never disclosed at time of purchase. Applied for my term insurance. Completely unacceptable.,2,0
Excellent experience with InsureAI! The reimbursement was credited in just 2 days. Regarding my car policy. Outstanding work.,5,1
Dispute resolution process is a complete nightmare. Nobody takes accountability. Applied for my term insurance. Disastrous service.,1,0
Claim rejected without any clear explanation after paying premiums diligently for 4 years. Applied for my bike insurance. Never purchasing again.,1,0
They deducted 40 percent of my claim amount citing obscure clauses not mentioned earlier. Applied for my term insurance. Total waste of money.,1,0
Claim rejected without any clear explanation after paying premiums diligently for 4 years. Applied for my term insurance. Avoid this company.,2,0
Claim officer guided me through all required documentation step by step. Very professional. Regarding my motor insurance. 10/10 service.,4,1
Cashless hospital network was rejected at hospital admission. Had to pay from my pocket. Applied for my comprehensive coverage. Extremely disappointed.,2,0
Terrible experience. Customer support keeps putting me on hold and never returns calls. Applied for my health policy. Zero stars.,1,0
Rude and unhelpful support staff. Kept asking for same documents repeatedly. Applied for my car policy. Completely unacceptable.,2,0
Excellent experience with InsureAI! The reimbursement was credited in just 2 days. Regarding my family floater plan. Thank you team.,5,1
Quick approval for windshield replacement. No unnecessary questions asked. Regarding my car policy. Very pleased.,4,1
Claim rejected without any clear explanation after paying premiums diligently for 4 years. Applied for my family floater plan. Disastrous service.,1,0
Renewal process is so simple and discounts for claim-free years are very attractive. Regarding my car policy. Smooth process.,4,1
Quick approval for windshield replacement. No unnecessary questions asked. Regarding my term insurance. Thank you team.,5,1
Claim rejected without any clear explanation after paying premiums diligently for 4 years. Applied for my health policy. Worst experience.,2,0
Excellent experience with InsureAI! The reimbursement was credited in just 2 days. Regarding my health policy. 10/10 service.,4,1
Surveyor took two weeks to inspect vehicle damage and reported inaccurate assessment. Applied for my car policy. Total waste of money.,1,0
Affordable health insurance plan for senior citizens with extensive hospital network. Regarding my bike insurance. Great job!,5,1
They deducted 40 percent of my claim amount citing obscure clauses not mentioned earlier. Applied for my car policy. Avoid this company.,2,0
They deducted 40 percent of my claim amount citing obscure clauses not mentioned earlier. Applied for my health policy. Zero stars.,2,0
Rude and unhelpful support staff. Kept asking for same documents repeatedly. Applied for my health policy. Extremely disappointed.,1,0
Affordable health insurance plan for senior citizens with extensive hospital network. Regarding my family floater plan. Will renew for sure.,5,1
Transparent claim verification and fast payout. Best insurance experience I have had so far. Regarding my comprehensive coverage. Outstanding work.,4,1
Poor communication from claim department. Status stayed under review for weeks. Applied for my car policy. Extremely disappointed.,2,0
Claim officer guided me through all required documentation step by step. Very professional. Regarding my car policy. 10/10 service.,4,1
Poor communication from claim department. Status stayed under review for weeks. Applied for my comprehensive coverage. Avoid this company.,1,0
Poor communication from claim department. Status stayed under review for weeks. Applied for my car policy. Extremely disappointed.,1,0
My claim was settled very fast and the support team was genuinely helpful throughout. Regarding my car policy. Great job!,5,1
They deducted 40 percent of my claim amount citing obscure clauses not mentioned earlier. Applied for my term insurance. Disastrous service.,2,0
Fair premium quotes and comprehensive health coverage with no hidden clauses. Regarding my motor insurance. Outstanding work.,4,1
Excellent experience with InsureAI! The reimbursement was credited in just 2 days. Regarding my car policy. Thank you team.,5,1
Delayed reimbursement for emergency treatment by over 60 days. Pathetic follow-up. Applied for my comprehensive coverage. Total waste of money.,2,0
App crashes constantly while uploading accident damage photos. Very frustrating interface. Applied for my family floater plan. Total waste of money.,1,0
App crashes constantly while uploading accident damage photos. Very frustrating interface. Applied for my term insurance. Zero stars.,1,0
Fair premium quotes and comprehensive health coverage with no hidden clauses. Regarding my car policy. Thank you team.,4,1
Renewal process is so simple and discounts for claim-free years are very attractive. Regarding my health policy. Great job!,5,1
Excellent experience with InsureAI! The reimbursement was credited in just 2 days. Regarding my comprehensive coverage. Will renew for sure.,4,1
Fair premium quotes and comprehensive health coverage with no hidden clauses. Regarding my bike insurance. 10/10 service.,5,1
Prompt response on chat support. All my queries regarding deductible were clarified clearly. Regarding my car policy. Will renew for sure.,4,1
Misleading policy benefits sold by agent. Critical illness coverage had hidden sub-limits. Applied for my comprehensive coverage. Worst experience.,2,0
Renewal process is so simple and discounts for claim-free years are very attractive. Regarding my comprehensive coverage. Smooth process.,5,1
Delayed reimbursement for emergency treatment by over 60 days. Pathetic follow-up. Applied for my family floater plan. Never purchasing again.,1,0
App crashes constantly while uploading accident damage photos. Very frustrating interface. Applied for my family floater plan. Avoid this company.,2,0
My claim was settled very fast and the support team was genuinely helpful throughout. Regarding my family floater plan. Very pleased.,4,1
Rude and unhelpful support staff. Kept asking for same documents repeatedly. Applied for my comprehensive coverage. Total waste of money.,1,0
Affordable health insurance plan for senior citizens with extensive hospital network. Regarding my family floater plan. Very pleased.,5,1
Third party claim settled without any disputes or delays. Very satisfied with the service. Regarding my car policy. Great job!,5,1
Cashless hospital network was rejected at hospital admission. Had to pay from my pocket. Applied for my comprehensive coverage. Extremely disappointed.,1,0
Cashless hospital network was rejected at hospital admission. Had to pay from my pocket. Applied for my term insurance. Never purchasing again.,2,0
Claim officer guided me through all required documentation step by step. Very professional. Regarding my motor insurance. Will renew for sure.,4,1
Roadside assistance arrived within 25 minutes after my car broke down on highway. Impressive! Regarding my comprehensive coverage. 10/10 service.,5,1
Delayed reimbursement for emergency treatment by over 60 days. Pathetic follow-up. Applied for my car policy. Worst experience.,1,0
Hidden deductibles and co-pay percentages that were never disclosed at time of purchase. Applied for my health policy. Completely unacceptable.,1,0
"Customer care officer was polite, patient, and solved my policy renewal query in minutes. Regarding my comprehensive coverage. Smooth process.",5,1
My claim was settled very fast and the support team was genuinely helpful throughout. Regarding my car policy. 10/10 service.,4,1
Cashless hospital network was rejected at hospital admission. Had to pay from my pocket. Applied for my motor insurance. Total waste of money.,2,0
Very easy claim filing process through the mobile app. Highly recommend this insurance provider. Regarding my comprehensive coverage. Will renew for sure.,5,1
Rude and unhelpful support staff. Kept asking for same documents repeatedly. Applied for my family floater plan. Avoid this company.,2,0
Quick approval for windshield replacement. No unnecessary questions asked. Regarding my comprehensive coverage. Great job!,5,1
Renewal process is so simple and discounts for claim-free years are very attractive. Regarding my comprehensive coverage. Outstanding work.,4,1
Surveyor took two weeks to inspect vehicle damage and reported inaccurate assessment. Applied for my health policy. Never purchasing again.,1,0
App crashes constantly while uploading accident damage photos. Very frustrating interface. Applied for my health policy. Extremely disappointed.,1,0
Delayed reimbursement for emergency treatment by over 60 days. Pathetic follow-up. Applied for my bike insurance. Completely unacceptable.,2,0
They deducted 40 percent of my claim amount citing obscure clauses not mentioned earlier. Applied for my term insurance. Never purchasing again.,1,0
Fraudulent claim investigation opened against legitimate collision damage. Harassment! Applied for my family floater plan. Extremely disappointed.,2,0
They deducted 40 percent of my claim amount citing obscure clauses not mentioned earlier. Applied for my family floater plan. Avoid this company.,1,0
Quick approval for windshield replacement. No unnecessary questions asked. Regarding my family floater plan. Outstanding work.,4,1
Poor communication from claim department. Status stayed under review for weeks. Applied for my term insurance. Avoid this company.,2,0
Poor communication from claim department. Status stayed under review for weeks. Applied for my health policy. Zero stars.,2,0
Affordable health insurance plan for senior citizens with extensive hospital network. Regarding my car policy. Great job!,4,1
Misleading policy benefits sold by agent. Critical illness coverage had hidden sub-limits. Applied for my family floater plan. Zero stars.,1,0
Rude and unhelpful support staff. Kept asking for same documents repeatedly. Applied for my comprehensive coverage. Extremely disappointed.,1,0
Waited 3 months with no response. Worst customer service ever encountered. Applied for my term insurance. Never purchasing again.,1,0
Cashless hospitalization process was totally hassle-free. Hospital desk handled everything smoothly. Regarding my bike insurance. Smooth process.,4,1
"Customer care officer was polite, patient, and solved my policy renewal query in minutes. Regarding my car policy. 10/10 service.",4,1
Third party claim settled without any disputes or delays. Very satisfied with the service. Regarding my comprehensive coverage. Smooth process.,4,1
Fair premium quotes and comprehensive health coverage with no hidden clauses. Regarding my car policy. Thank you team.,5,1
Claim rejected without any clear explanation after paying premiums diligently for 4 years. Applied for my comprehensive coverage. Worst experience.,1,0
They deducted 40 percent of my claim amount citing obscure clauses not mentioned earlier. Applied for my car policy. Extremely disappointed.,1,0
Delayed reimbursement for emergency treatment by over 60 days. Pathetic follow-up. Applied for my term insurance. Zero stars.,2,0
Hidden deductibles and co-pay percentages that were never disclosed at time of purchase. Applied for my motor insurance. Extremely disappointed.,1,0
Quick approval for windshield replacement. No unnecessary questions asked. Regarding my motor insurance. Smooth process.,4,1
App crashes constantly while uploading accident damage photos. Very frustrating interface. Applied for my health policy. Total waste of money.,1,0
Rude and unhelpful support staff. Kept asking for same documents repeatedly. Applied for my family floater plan. Disastrous service.,1,0
Surveyor took two weeks to inspect vehicle damage and reported inaccurate assessment. Applied for my health policy. Total waste of money.,1,0
Quick approval for windshield replacement. No unnecessary questions asked. Regarding my motor insurance. Thank you team.,5,1
Fair premium quotes and comprehensive health coverage with no hidden clauses. Regarding my motor insurance. Outstanding work.,4,1
Renewal process is so simple and discounts for claim-free years are very attractive. Regarding my bike insurance. Smooth process.,5,1
Rude and unhelpful support staff. Kept asking for same documents repeatedly. Applied for my bike insurance. Avoid this company.,1,0
Affordable health insurance plan for senior citizens with extensive hospital network. Regarding my family floater plan. Thank you team.,5,1
Excellent experience with InsureAI! The reimbursement was credited in just 2 days. Regarding my health policy. Great job!,5,1
Quick approval for windshield replacement. No unnecessary questions asked. Regarding my family floater plan. 10/10 service.,4,1
App crashes constantly while uploading accident damage photos. Very frustrating interface. Applied for my motor insurance. Total waste of money.,1,0
Prompt response on chat support. All my queries regarding deductible were clarified clearly. Regarding my term insurance. 10/10 service.,4,1
Prompt response on chat support. All my queries regarding deductible were clarified clearly. Regarding my term insurance. Very pleased.,5,1
Cashless hospitalization process was totally hassle-free. Hospital desk handled everything smoothly. Regarding my family floater plan. 10/10 service.,5,1
Fair premium quotes and comprehensive health coverage with no hidden clauses. Regarding my comprehensive coverage. Very pleased.,4,1
Transparent claim verification and fast payout. Best insurance experience I have had so far. Regarding my term insurance. Great job!,5,1
Third party claim settled without any disputes or delays. Very satisfied with the service. Regarding my term insurance. Will renew for sure.,4,1
Renewal process is so simple and discounts for claim-free years are very attractive. Regarding my motor insurance. Great job!,4,1
They deducted 40 percent of my claim amount citing obscure clauses not mentioned earlier. Applied for my motor insurance. Disastrous service.,1,0
Surveyor took two weeks to inspect vehicle damage and reported inaccurate assessment. Applied for my term insurance. Completely unacceptable.,2,0
My claim was settled very fast and the support team was genuinely helpful throughout. Regarding my term insurance. 10/10 service.,5,1
My claim was settled very fast and the support team was genuinely helpful throughout. Regarding my family floater plan. Very pleased.,4,1
Very easy claim filing process through the mobile app. Highly recommend this insurance provider. Regarding my comprehensive coverage. Thank you team.,4,1
Excellent experience with InsureAI! The reimbursement was credited in just 2 days. Regarding my comprehensive coverage. Thank you team.,4,1
My claim was settled very fast and the support team was genuinely helpful throughout. Regarding my health policy. Outstanding work.,4,1
Hidden deductibles and co-pay percentages that were never disclosed at time of purchase. Applied for my term insurance. Disastrous service.,1,0
Third party claim settled without any disputes or delays. Very satisfied with the service. Regarding my term insurance. Outstanding work.,4,1
Poor communication from claim department. Status stayed under review for weeks. Applied for my bike insurance. Avoid this company.,2,0
Cashless hospitalization process was totally hassle-free. Hospital desk handled everything smoothly. Regarding my health policy. Outstanding work.,5,1
Excellent experience with InsureAI! The reimbursement was credited in just 2 days. Regarding my bike insurance. Very pleased.,5,1
Dispute resolution process is a complete nightmare. Nobody takes accountability. Applied for my motor insurance. Avoid this company.,1,0
Extremely high renewal premium hike without any filed claims or medical history change. Applied for my car policy. Completely unacceptable.,2,0
Very easy claim filing process through the mobile app. Highly recommend this insurance provider. Regarding my comprehensive coverage. Will renew for sure.,5,1
Cashless hospitalization process was totally hassle-free. Hospital desk handled everything smoothly. Regarding my car policy. Smooth process.,5,1
Claim rejected without any clear explanation after paying premiums diligently for 4 years. Applied for my motor insurance. Worst experience.,1,0
Dispute resolution process is a complete nightmare. Nobody takes accountability. Applied for my family floater plan. Total waste of money.,1,0
Claim rejected without any clear explanation after paying premiums diligently for 4 years. Applied for my term insurance. Extremely disappointed.,1,0
Excellent experience with InsureAI! The reimbursement was credited in just 2 days. Regarding my family floater plan. 10/10 service.,4,1
Rude and unhelpful support staff. Kept asking for same documents repeatedly. Applied for my term insurance. Zero stars.,2,0
Quick approval for windshield replacement. No unnecessary questions asked. Regarding my bike insurance. 10/10 service.,4,1
Waited 3 months with no response. Worst customer service ever encountered. Applied for my motor insurance. Extremely disappointed.,1,0
Very easy claim filing process through the mobile app. Highly recommend this insurance provider. Regarding my car policy. Great job!,4,1
My claim was settled very fast and the support team was genuinely helpful throughout. Regarding my family floater plan. Smooth process.,5,1
Quick approval for windshield replacement. No unnecessary questions asked. Regarding my health policy. Smooth process.,5,1
Terrible experience. Customer support keeps putting me on hold and never returns calls. Applied for my car policy. Avoid this company.,1,0
Transparent claim verification and fast payout. Best insurance experience I have had so far. Regarding my health policy. Outstanding work.,4,1
Quick approval for windshield replacement. No unnecessary questions asked. Regarding my motor insurance. Outstanding work.,4,1
Terrible experience. Customer support keeps putting me on hold and never returns calls. Applied for my family floater plan. Zero stars.,2,0
My claim was settled very fast and the support team was genuinely helpful throughout. Regarding my term insurance. Great job!,4,1
Delayed reimbursement for emergency treatment by over 60 days. Pathetic follow-up. Applied for my health policy. Avoid this company.,1,0
Fraudulent claim investigation opened against legitimate collision damage. Harassment! Applied for my car policy. Avoid this company.,1,0
Affordable health insurance plan for senior citizens with extensive hospital network. Regarding my bike insurance. Will renew for sure.,4,1
Waited 3 months with no response. Worst customer service ever encountered. Applied for my term insurance. Completely unacceptable.,2,0
Misleading policy benefits sold by agent. Critical illness coverage had hidden sub-limits. Applied for my car policy. Completely unacceptable.,1,0
Extremely high renewal premium hike without any filed claims or medical history change. Applied for my bike insurance. Never purchasing again.,1,0
Cashless hospital network was rejected at hospital admission. Had to pay from my pocket. Applied for my comprehensive coverage. Worst experience.,1,0
Affordable health insurance plan for senior citizens with extensive hospital network. Regarding my motor insurance. Great job!,5,1
Fair premium quotes and comprehensive health coverage with no hidden clauses. Regarding my term insurance. 10/10 service.,5,1
Quick approval for windshield replacement. No unnecessary questions asked. Regarding my motor insurance. Outstanding work.,5,1
Poor communication from claim department. Status stayed under review for weeks. Applied for my bike insurance. Total waste of money.,1,0
Hidden deductibles and co-pay percentages that were never disclosed at time of purchase. Applied for my family floater plan. Zero stars.,2,0
Terrible experience. Customer support keeps putting me on hold and never returns calls. Applied for my comprehensive coverage. Disastrous service.,2,0
Fair premium quotes and comprehensive health coverage with no hidden clauses. Regarding my car policy. Really impressed.,5,1
Great digital experience. Uploaded photos of car dent and claim approved within 3 hours. Regarding my car policy. 10/10 service.,5,1
Surveyor took two weeks to inspect vehicle damage and reported inaccurate assessment. Applied for my motor insurance. Avoid this company.,1,0
Affordable health insurance plan for senior citizens with extensive hospital network. Regarding my health policy. Will renew for sure.,5,1
Very easy claim filing process through the mobile app. Highly recommend this insurance provider. Regarding my family floater plan. Very pleased.,5,1
Cashless hospitalization process was totally hassle-free. Hospital desk handled everything smoothly. Regarding my term insurance. Thank you team.,4,1
Fraudulent claim investigation opened against legitimate collision damage. Harassment! Applied for my motor insurance. Extremely disappointed.,1,0
Roadside assistance arrived within 25 minutes after my car broke down on highway. Impressive! Regarding my comprehensive coverage. Really impressed.,5,1
Roadside assistance arrived within 25 minutes after my car broke down on highway. Impressive! Regarding my health policy. 10/10 service.,4,1
Extremely high renewal premium hike without any filed claims or medical history change. Applied for my family floater plan. Disastrous service.,1,0
My claim was settled very fast and the support team was genuinely helpful throughout. Regarding my car policy. Will renew for sure.,5,1
Poor communication from claim department. Status stayed under review for weeks. Applied for my family floater plan. Extremely disappointed.,1,0
Prompt response on chat support. All my queries regarding deductible were clarified clearly. Regarding my motor insurance. Outstanding work.,4,1
Fraudulent claim investigation opened against legitimate collision damage. Harassment! Applied for my health policy. Never purchasing again.,1,0
Surveyor took two weeks to inspect vehicle damage and reported inaccurate assessment. Applied for my car policy. Worst experience.,2,0
Very easy claim filing process through the mobile app. Highly recommend this insurance provider. Regarding my term insurance. Smooth process.,5,1
Transparent claim verification and fast payout. Best insurance experience I have had so far. Regarding my health policy. Outstanding work.,5,1
Claim officer guided me through all required documentation step by step. Very professional. Regarding my term insurance. Very pleased.,4,1
Extremely high renewal premium hike without any filed claims or medical history change. Applied for my bike insurance. Worst experience.,2,0
Extremely high renewal premium hike without any filed claims or medical history change. Applied for my term insurance. Total waste of money.,1,0
Dispute resolution process is a complete nightmare. Nobody takes accountability. Applied for my health policy. Completely unacceptable.,1,0
Fair premium quotes and comprehensive health coverage with no hidden clauses. Regarding my motor insurance. 10/10 service.,5,1
Dispute resolution process is a complete nightmare. Nobody takes accountability. Applied for my bike insurance. Total waste of money.,1,0
Very easy claim filing process through the mobile app. Highly recommend this insurance provider. Regarding my bike insurance. Great job!,5,1
Terrible experience. Customer support keeps putting me on hold and never returns calls. Applied for my family floater plan. Total waste of money.,1,0
Poor communication from claim department. Status stayed under review for weeks. Applied for my car policy. Zero stars.,2,0
Cashless hospitalization process was totally hassle-free. Hospital desk handled everything smoothly. Regarding my term insurance. Will renew for sure.,5,1
App crashes constantly while uploading accident damage photos. Very frustrating interface. Applied for my bike insurance. Never purchasing again.,2,0
Quick approval for windshield replacement. No unnecessary questions asked. Regarding my comprehensive coverage. Thank you team.,4,1
Misleading policy benefits sold by agent. Critical illness coverage had hidden sub-limits. Applied for my bike insurance. Completely unacceptable.,1,0
My claim was settled very fast and the support team was genuinely helpful throughout. Regarding my car policy. Really impressed.,5,1
Roadside assistance arrived within 25 minutes after my car broke down on highway. Impressive! Regarding my term insurance. Will renew for sure.,4,1
Cashless hospitalization process was totally hassle-free. Hospital desk handled everything smoothly. Regarding my term insurance. Smooth process.,4,1
"Customer care officer was polite, patient, and solved my policy renewal query in minutes. Regarding my car policy. Outstanding work.",5,1
Excellent experience with InsureAI! The reimbursement was credited in just 2 days. Regarding my term insurance. Will renew for sure.,5,1
Third party claim settled without any disputes or delays. Very satisfied with the service. Regarding my car policy. Really impressed.,5,1
Very easy claim filing process through the mobile app. Highly recommend this insurance provider. Regarding my term insurance. 10/10 service.,4,1
Delayed reimbursement for emergency treatment by over 60 days. Pathetic follow-up. Applied for my term insurance. Zero stars.,2,0
Roadside assistance arrived within 25 minutes after my car broke down on highway. Impressive! Regarding my comprehensive coverage. Thank you team.,4,1
Claim rejected without any clear explanation after paying premiums diligently for 4 years. Applied for my term insurance. Avoid this company.,2,0
Delayed reimbursement for emergency treatment by over 60 days. Pathetic follow-up. Applied for my car policy. Never purchasing again.,1,0
They deducted 40 percent of my claim amount citing obscure clauses not mentioned earlier. Applied for my car policy. Completely unacceptable.,1,0
Terrible experience. Customer support keeps putting me on hold and never returns calls. Applied for my bike insurance. Never purchasing again.,1,0
Third party claim settled without any disputes or delays. Very satisfied with the service. Regarding my health policy. Will renew for sure.,4,1
Delayed reimbursement for emergency treatment by over 60 days. Pathetic follow-up. Applied for my term insurance. Disastrous service.,2,0
Very easy claim filing process through the mobile app. Highly recommend this insurance provider. Regarding my motor insurance. Thank you team.,5,1
Excellent experience with InsureAI! The reimbursement was credited in just 2 days. Regarding my comprehensive coverage. Smooth process.,5,1
Extremely high renewal premium hike without any filed claims or medical history change. Applied for my car policy. Total waste of money.,1,0
Delayed reimbursement for emergency treatment by over 60 days. Pathetic follow-up. Applied for my health policy. Extremely disappointed.,1,0
Cashless hospital network was rejected at hospital admission. Had to pay from my pocket. Applied for my family floater plan. Extremely disappointed.,2,0
Delayed reimbursement for emergency treatment by over 60 days. Pathetic follow-up. Applied for my health policy. Zero stars.,1,0
Dispute resolution process is a complete nightmare. Nobody takes accountability. Applied for my bike insurance. Never purchasing again.,2,0
Claim officer guided me through all required documentation step by step. Very professional. Regarding my car policy. 10/10 service.,4,1
Very easy claim filing process through the mobile app. Highly recommend this insurance provider. Regarding my term insurance. Will renew for sure.,4,1
Hidden deductibles and co-pay percentages that were never disclosed at time of purchase. Applied for my family floater plan. Disastrous service.,1,0
They deducted 40 percent of my claim amount citing obscure clauses not mentioned earlier. Applied for my health policy. Total waste of money.,1,0
Renewal process is so simple and discounts for claim-free years are very attractive. Regarding my comprehensive coverage. Thank you team.,4,1
Extremely high renewal premium hike without any filed claims or medical history change. Applied for my family floater plan. Zero stars.,2,0
My claim was settled very fast and the support team was genuinely helpful throughout. Regarding my car policy. Smooth process.,5,1
Terrible experience. Customer support keeps putting me on hold and never returns calls. Applied for my car policy. Zero stars.,2,0
Claim rejected without any clear explanation after paying premiums diligently for 4 years. Applied for my bike insurance. Never purchasing again.,1,0
Hidden deductibles and co-pay percentages that were never disclosed at time of purchase. Applied for my family floater plan. Completely unacceptable.,2,0
Dispute resolution process is a complete nightmare. Nobody takes accountability. Applied for my bike insurance. Completely unacceptable.,1,0
App crashes constantly while uploading accident damage photos. Very frustrating interface. Applied for my family floater plan. Extremely disappointed.,2,0
Surveyor took two weeks to inspect vehicle damage and reported inaccurate assessment. Applied for my family floater plan. Disastrous service.,1,0
Very easy claim filing process through the mobile app. Highly recommend this insurance provider. Regarding my health policy. Thank you team.,5,1
Roadside assistance arrived within 25 minutes after my car broke down on highway. Impressive! Regarding my family floater plan. Smooth process.,4,1
Delayed reimbursement for emergency treatment by over 60 days. Pathetic follow-up. Applied for my bike insurance. Total waste of money.,1,0
Cashless hospitalization process was totally hassle-free. Hospital desk handled everything smoothly. Regarding my term insurance. Thank you team.,4,1
Poor communication from claim department. Status stayed under review for weeks. Applied for my term insurance. Zero stars.,2,0
Claim officer guided me through all required documentation step by step. Very professional. Regarding my health policy. Smooth process.,5,1
Excellent experience with InsureAI! The reimbursement was credited in just 2 days. Regarding my comprehensive coverage. Really impressed.,4,1
Cashless hospitalization process was totally hassle-free. Hospital desk handled everything smoothly. Regarding my motor insurance. Outstanding work.,4,1
Dispute resolution process is a complete nightmare. Nobody takes accountability. Applied for my bike insurance. Completely unacceptable.,2,0
Fair premium quotes and comprehensive health coverage with no hidden clauses. Regarding my health policy. Great job!,4,1
They deducted 40 percent of my claim amount citing obscure clauses not mentioned earlier. Applied for my term insurance. Zero stars.,1,0
Fraudulent claim investigation opened against legitimate collision damage. Harassment! Applied for my bike insurance. Disastrous service.,1,0
Affordable health insurance plan for senior citizens with extensive hospital network. Regarding my bike insurance. Outstanding work.,5,1
Misleading policy benefits sold by agent. Critical illness coverage had hidden sub-limits. Applied for my motor insurance. Avoid this company.,1,0
They deducted 40 percent of my claim amount citing obscure clauses not mentioned earlier. Applied for my bike insurance. Completely unacceptable.,2,0
Poor communication from claim department. Status stayed under review for weeks. Applied for my bike insurance. Worst experience.,2,0
Surveyor took two weeks to inspect vehicle damage and reported inaccurate assessment. Applied for my term insurance. Never purchasing again.,2,0
Poor communication from claim department. Status stayed under review for weeks. Applied for my bike insurance. Worst experience.,1,0
"Customer care officer was polite, patient, and solved my policy renewal query in minutes. Regarding my term insurance. 10/10 service.",5,1
Third party claim settled without any disputes or delays. Very satisfied with the service. Regarding my bike insurance. Smooth process.,4,1
Very easy claim filing process through the mobile app. Highly recommend this insurance provider. Regarding my bike insurance. 10/10 service.,4,1
Surveyor took two weeks to inspect vehicle damage and reported inaccurate assessment. Applied for my term insurance. Worst experience.,1,0
Claim rejected without any clear explanation after paying premiums diligently for 4 years. Applied for my car policy. Disastrous service.,2,0
My claim was settled very fast and the support team was genuinely helpful throughout. Regarding my term insurance. Outstanding work.,5,1
My claim was settled very fast and the support team was genuinely helpful throughout. Regarding my term insurance. 10/10 service.,5,1
Roadside assistance arrived within 25 minutes after my car broke down on highway. Impressive! Regarding my comprehensive coverage. Great job!,4,1
Quick approval for windshield replacement. No unnecessary questions asked. Regarding my health policy. Very pleased.,4,1
"Customer care officer was polite, patient, and solved my policy renewal query in minutes. Regarding my bike insurance. Outstanding work.",5,1
Delayed reimbursement for emergency treatment by over 60 days. Pathetic follow-up. Applied for my comprehensive coverage. Never purchasing again.,2,0
Cashless hospital network was rejected at hospital admission. Had to pay from my pocket. Applied for my car policy. Total waste of money.,2,0
Delayed reimbursement for emergency treatment by over 60 days. Pathetic follow-up. Applied for my family floater plan. Extremely disappointed.,1,0
My claim was settled very fast and the support team was genuinely helpful throughout. Regarding my family floater plan. Very pleased.,5,1
Great digital experience. Uploaded photos of car dent and claim approved within 3 hours. Regarding my car policy. 10/10 service.,4,1
Delayed reimbursement for emergency treatment by over 60 days. Pathetic follow-up. Applied for my term insurance. Never purchasing again.,2,0
Transparent claim verification and fast payout. Best insurance experience I have had so far. Regarding my bike insurance. Thank you team.,5,1
Very easy claim filing process through the mobile app. Highly recommend this insurance provider. Regarding my health policy. Very pleased.,4,1
Extremely high renewal premium hike without any filed claims or medical history change. Applied for my motor insurance. Worst experience.,2,0
"Customer care officer was polite, patient, and solved my policy renewal query in minutes. Regarding my motor insurance. Outstanding work.",5,1
Rude and unhelpful support staff. Kept asking for same documents repeatedly. Applied for my health policy. Never purchasing again.,2,0
Poor communication from claim department. Status stayed under review for weeks. Applied for my term insurance. Avoid this company.,1,0
Extremely high renewal premium hike without any filed claims or medical history change. Applied for my health policy. Avoid this company.,1,0
Poor communication from claim department. Status stayed under review for weeks. Applied for my bike insurance. Disastrous service.,2,0
Waited 3 months with no response. Worst customer service ever encountered. Applied for my term insurance. Avoid this company.,1,0
Poor communication from claim department. Status stayed under review for weeks. Applied for my family floater plan. Zero stars.,2,0
Transparent claim verification and fast payout. Best insurance experience I have had so far. Regarding my motor insurance. Outstanding work.,5,1
Fraudulent claim investigation opened against legitimate collision damage. Harassment! Applied for my term insurance. Never purchasing again.,1,0
Waited 3 months with no response. Worst customer service ever encountered. Applied for my motor insurance. Never purchasing again.,2,0
Hidden deductibles and co-pay percentages that were never disclosed at time of purchase. Applied for my term insurance. Never purchasing again.,1,0
Fraudulent claim investigation opened against legitimate collision damage. Harassment! Applied for my family floater plan. Never purchasing again.,1,0
Cashless hospitalization process was totally hassle-free. Hospital desk handled everything smoothly. Regarding my comprehensive coverage. 10/10 service.,4,1
Affordable health insurance plan for senior citizens with extensive hospital network. Regarding my bike insurance. Thank you team.,5,1
Terrible experience. Customer support keeps putting me on hold and never returns calls. Applied for my comprehensive coverage. Avoid this company.,1,0
Very easy claim filing process through the mobile app. Highly recommend this insurance provider. Regarding my family floater plan. Really impressed.,5,1
Affordable health insurance plan for senior citizens with extensive hospital network. Regarding my bike insurance. Really impressed.,5,1
Affordable health insurance plan for senior citizens with extensive hospital network. Regarding my bike insurance. Will renew for sure.,5,1
Hidden deductibles and co-pay percentages that were never disclosed at time of purchase. Applied for my term insurance. Zero stars.,2,0
Cashless hospitalization process was totally hassle-free. Hospital desk handled everything smoothly. Regarding my car policy. Really impressed.,5,1
My claim was settled very fast and the support team was genuinely helpful throughout. Regarding my bike insurance. Outstanding work.,4,1
Roadside assistance arrived within 25 minutes after my car broke down on highway. Impressive! Regarding my bike insurance. Outstanding work.,4,1
Prompt response on chat support. All my queries regarding deductible were clarified clearly. Regarding my comprehensive coverage. Very pleased.,5,1
Cashless hospitalization process was totally hassle-free. Hospital desk handled everything smoothly. Regarding my comprehensive coverage. Great job!,5,1
"Customer care officer was polite, patient, and solved my policy renewal query in minutes. Regarding my bike insurance. 10/10 service.",5,1
Claim rejected without any clear explanation after paying premiums diligently for 4 years. Applied for my health policy. Completely unacceptable.,2,0
Cashless hospitalization process was totally hassle-free. Hospital desk handled everything smoothly. Regarding my car policy. Thank you team.,4,1
Transparent claim verification and fast payout. Best insurance experience I have had so far. Regarding my bike insurance. Thank you team.,5,1
Misleading policy benefits sold by agent. Critical illness coverage had hidden sub-limits. Applied for my term insurance. Worst experience.,1,0
Cashless hospital network was rejected at hospital admission. Had to pay from my pocket. Applied for my motor insurance. Extremely disappointed.,1,0
Affordable health insurance plan for senior citizens with extensive hospital network. Regarding my car policy. Really impressed.,4,1
Claim rejected without any clear explanation after paying premiums diligently for 4 years. Applied for my health policy. Worst experience.,1,0
Third party claim settled without any disputes or delays. Very satisfied with the service. Regarding my health policy. Smooth process.,5,1
Rude and unhelpful support staff. Kept asking for same documents repeatedly. Applied for my car policy. Avoid this company.,2,0
App crashes constantly while uploading accident damage photos. Very frustrating interface. Applied for my family floater plan. Disastrous service.,2,0
Affordable health insurance plan for senior citizens with extensive hospital network. Regarding my health policy. Great job!,4,1
Renewal process is so simple and discounts for claim-free years are very attractive. Regarding my motor insurance. Really impressed.,4,1
Fraudulent claim investigation opened against legitimate collision damage. Harassment! Applied for my term insurance. Avoid this company.,2,0
Transparent claim verification and fast payout. Best insurance experience I have had so far. Regarding my comprehensive coverage. Great job!,4,1
Rude and unhelpful support staff. Kept asking for same documents repeatedly. Applied for my bike insurance. Total waste of money.,2,0
Misleading policy benefits sold by agent. Critical illness coverage had hidden sub-limits. Applied for my car policy. Avoid this company.,1,0
Prompt response on chat support. All my queries regarding deductible were clarified clearly. Regarding my family floater plan. Smooth process.,4,1
Waited 3 months with no response. Worst customer service ever encountered. Applied for my term insurance. Disastrous service.,2,0
Waited 3 months with no response. Worst customer service ever encountered. Applied for my family floater plan. Avoid this company.,2,0
Delayed reimbursement for emergency treatment by over 60 days. Pathetic follow-up. Applied for my car policy. Avoid this company.,2,0
Hidden deductibles and co-pay percentages that were never disclosed at time of purchase. Applied for my motor insurance. Avoid this company.,1,0
Claim officer guided me through all required documentation step by step. Very professional. Regarding my health policy. Really impressed.,5,1
Rude and unhelpful support staff. Kept asking for same documents repeatedly. Applied for my car policy. Disastrous service.,2,0
Very easy claim filing process through the mobile app. Highly recommend this insurance provider. Regarding my motor insurance. Thank you team.,4,1
Dispute resolution process is a complete nightmare. Nobody takes accountability. Applied for my term insurance. Total waste of money.,1,0
Terrible experience. Customer support keeps putting me on hold and never returns calls. Applied for my term insurance. Disastrous service.,1,0
Extremely high renewal premium hike without any filed claims or medical history change. Applied for my term insurance. Total waste of money.,1,0
Very easy claim filing process through the mobile app. Highly recommend this insurance provider. Regarding my health policy. Outstanding work.,4,1
Misleading policy benefits sold by agent. Critical illness coverage had hidden sub-limits. Applied for my bike insurance. Zero stars.,2,0
Hidden deductibles and co-pay percentages that were never disclosed at time of purchase. Applied for my bike insurance. Disastrous service.,1,0
Excellent experience with InsureAI! The reimbursement was credited in just 2 days. Regarding my health policy. Really impressed.,4,1
Transparent claim verification and fast payout. Best insurance experience I have had so far. Regarding my car policy. Thank you team.,5,1
Great digital experience. Uploaded photos of car dent and claim approved within 3 hours. Regarding my term insurance. Very pleased.,5,1
Cashless hospital network was rejected at hospital admission. Had to pay from my pocket. Applied for my term insurance. Extremely disappointed.,2,0
Extremely high renewal premium hike without any filed claims or medical history change. Applied for my health policy. Worst experience.,1,0
Transparent claim verification and fast payout. Best insurance experience I have had so far. Regarding my family floater plan. Great job!,5,1
Prompt response on chat support. All my queries regarding deductible were clarified clearly. Regarding my health policy. Really impressed.,4,1
Surveyor took two weeks to inspect vehicle damage and reported inaccurate assessment. Applied for my family floater plan. Extremely disappointed.,1,0
Transparent claim verification and fast payout. Best insurance experience I have had so far. Regarding my car policy. Outstanding work.,5,1
Quick approval for windshield replacement. No unnecessary questions asked. Regarding my motor insurance. Outstanding work.,5,1
Roadside assistance arrived within 25 minutes after my car broke down on highway. Impressive! Regarding my term insurance. Thank you team.,5,1
Cashless hospital network was rejected at hospital admission. Had to pay from my pocket. Applied for my term insurance. Disastrous service.,1,0
Terrible experience. Customer support keeps putting me on hold and never returns calls. Applied for my family floater plan. Extremely disappointed.,1,0
Extremely high renewal premium hike without any filed claims or medical history change. Applied for my comprehensive coverage. Never purchasing again.,2,0
Quick approval for windshield replacement. No unnecessary questions asked. Regarding my family floater plan. Will renew for sure.,4,1
Excellent experience with InsureAI! The reimbursement was credited in just 2 days. Regarding my car policy. Really impressed.,4,1
Poor communication from claim department. Status stayed under review for weeks. Applied for my term insurance. Extremely disappointed.,2,0
Fraudulent claim investigation opened against legitimate collision damage. Harassment! Applied for my comprehensive coverage. Completely unacceptable.,2,0
Waited 3 months with no response. Worst customer service ever encountered. Applied for my term insurance. Worst experience.,2,0
They deducted 40 percent of my claim amount citing obscure clauses not mentioned earlier. Applied for my term insurance. Worst experience.,1,0
Prompt response on chat support. All my queries regarding deductible were clarified clearly. Regarding my comprehensive coverage. Thank you team.,5,1
Roadside assistance arrived within 25 minutes after my car broke down on highway. Impressive! Regarding my family floater plan. Very pleased.,4,1
Renewal process is so simple and discounts for claim-free years are very attractive. Regarding my term insurance. Will renew for sure.,4,1
Surveyor took two weeks to inspect vehicle damage and reported inaccurate assessment. Applied for my health policy. Completely unacceptable.,1,0
App crashes constantly while uploading accident damage photos. Very frustrating interface. Applied for my family floater plan. Worst experience.,1,0
Affordable health insurance plan for senior citizens with extensive hospital network. Regarding my term insurance. Very pleased.,4,1
App crashes constantly while uploading accident damage photos. Very frustrating interface. Applied for my health policy. Total waste of money.,2,0
Misleading policy benefits sold by agent. Critical illness coverage had hidden sub-limits. Applied for my health policy. Total waste of money.,1,0
App crashes constantly while uploading accident damage photos. Very frustrating interface. Applied for my family floater plan. Worst experience.,2,0
Renewal process is so simple and discounts for claim-free years are very attractive. Regarding my health policy. Smooth process.,4,1
Claim officer guided me through all required documentation step by step. Very professional. Regarding my car policy. Outstanding work.,5,1
Fair premium quotes and comprehensive health coverage with no hidden clauses. Regarding my bike insurance. Thank you team.,5,1
Extremely high renewal premium hike without any filed claims or medical history change. Applied for my health policy. Disastrous service.,2,0
Rude and unhelpful support staff. Kept asking for same documents repeatedly. Applied for my family floater plan. Worst experience.,1,0
My claim was settled very fast and the support team was genuinely helpful throughout. Regarding my motor insurance. Will renew for sure.,5,1
Rude and unhelpful support staff. Kept asking for same documents repeatedly. Applied for my bike insurance. Avoid this company.,2,0
Dispute resolution process is a complete nightmare. Nobody takes accountability. Applied for my family floater plan. Zero stars.,2,0
Dispute resolution process is a complete nightmare. Nobody takes accountability. Applied for my family floater plan. Zero stars.,2,0
Roadside assistance arrived within 25 minutes after my car broke down on highway. Impressive! Regarding my bike insurance. Smooth process.,5,1
Very easy claim filing process through the mobile app. Highly recommend this insurance provider. Regarding my motor insurance. Really impressed.,5,1
App crashes constantly while uploading accident damage photos. Very frustrating interface. Applied for my term insurance. Worst experience.,2,0
Claim officer guided me through all required documentation step by step. Very professional. Regarding my family floater plan. 10/10 service.,5,1
Fraudulent claim investigation opened against legitimate collision damage. Harassment! Applied for my bike insurance. Total waste of money.,2,0
Terrible experience. Customer support keeps putting me on hold and never returns calls. Applied for my bike insurance. Completely unacceptable.,2,0
Renewal process is so simple and discounts for claim-free years are very attractive. Regarding my motor insurance. Really impressed.,5,1
Extremely high renewal premium hike without any filed claims or medical history change. Applied for my term insurance. Avoid this company.,1,0
Claim officer guided me through all required documentation step by step. Very professional. Regarding my comprehensive coverage. Smooth process.,4,1
Third party claim settled without any disputes or delays. Very satisfied with the service. Regarding my family floater plan. Thank you team.,4,1
Claim officer guided me through all required documentation step by step. Very professional. Regarding my bike insurance. Thank you team.,4,1
Dispute resolution process is a complete nightmare. Nobody takes accountability. Applied for my motor insurance. Avoid this company.,1,0
Quick approval for windshield replacement. No unnecessary questions asked. Regarding my term insurance. Will renew for sure.,4,1
Excellent experience with InsureAI! The reimbursement was credited in just 2 days. Regarding my term insurance. Really impressed.,5,1
Third party claim settled without any disputes or delays. Very satisfied with the service. Regarding my car policy. Very pleased.,5,1
Renewal process is so simple and discounts for claim-free years are very attractive. Regarding my car policy. Outstanding work.,4,1
Quick approval for windshield replacement. No unnecessary questions asked. Regarding my bike insurance. Really impressed.,4,1
Roadside assistance arrived within 25 minutes after my car broke down on highway. Impressive! Regarding my motor insurance. Will renew for sure.,4,1
Delayed reimbursement for emergency treatment by over 60 days. Pathetic follow-up. Applied for my bike insurance. Total waste of money.,2,0
They deducted 40 percent of my claim amount citing obscure clauses not mentioned earlier. Applied for my health policy. Total waste of money.,2,0
Transparent claim verification and fast payout. Best insurance experience I have had so far. Regarding my car policy. 10/10 service.,5,1
Misleading policy benefits sold by agent. Critical illness coverage had hidden sub-limits. Applied for my car policy. Zero stars.,1,0
Claim rejected without any clear explanation after paying premiums diligently for 4 years. Applied for my motor insurance. Avoid this company.,1,0
Terrible experience. Customer support keeps putting me on hold and never returns calls. Applied for my family floater plan. Avoid this company.,2,0
Waited 3 months with no response. Worst customer service ever encountered. Applied for my health policy. Completely unacceptable.,2,0
Cashless hospitalization process was totally hassle-free. Hospital desk handled everything smoothly. Regarding my comprehensive coverage. Great job!,5,1
Hidden deductibles and co-pay percentages that were never disclosed at time of purchase. Applied for my term insurance. Avoid this company.,2,0
Renewal process is so simple and discounts for claim-free years are very attractive. Regarding my bike insurance. Smooth process.,5,1
App crashes constantly while uploading accident damage photos. Very frustrating interface. Applied for my motor insurance. Total waste of money.,1,0
Cashless hospitalization process was totally hassle-free. Hospital desk handled everything smoothly. Regarding my health policy. 10/10 service.,4,1
App crashes constantly while uploading accident damage photos. Very frustrating interface. Applied for my family floater plan. Disastrous service.,2,0
Claim officer guided me through all required documentation step by step. Very professional. Regarding my bike insurance. Great job!,4,1
Third party claim settled without any disputes or delays. Very satisfied with the service. Regarding my car policy. 10/10 service.,5,1
Terrible experience. Customer support keeps putting me on hold and never returns calls. Applied for my comprehensive coverage. Disastrous service.,1,0
My claim was settled very fast and the support team was genuinely helpful throughout. Regarding my comprehensive coverage. Great job!,5,1
My claim was settled very fast and the support team was genuinely helpful throughout. Regarding my motor insurance. Very pleased.,4,1
Third party claim settled without any disputes or delays. Very satisfied with the service. Regarding my car policy. Outstanding work.,5,1
App crashes constantly while uploading accident damage photos. Very frustrating interface. Applied for my bike insurance. Completely unacceptable.,2,0
Surveyor took two weeks to inspect vehicle damage and reported inaccurate assessment. Applied for my health policy. Never purchasing again.,2,0
Great digital experience. Uploaded photos of car dent and claim approved within 3 hours. Regarding my health policy. Will renew for sure.,4,1
Transparent claim verification and fast payout. Best insurance experience I have had so far. Regarding my car policy. Will renew for sure.,5,1
Rude and unhelpful support staff. Kept asking for same documents repeatedly. Applied for my motor insurance. Completely unacceptable.,2,0
Delayed reimbursement for emergency treatment by over 60 days. Pathetic follow-up. Applied for my bike insurance. Extremely disappointed.,1,0
My claim was settled very fast and the support team was genuinely helpful throughout. Regarding my motor insurance. Very pleased.,5,1
Fraudulent claim investigation opened against legitimate collision damage. Harassment! Applied for my bike insurance. Never purchasing again.,2,0
Renewal process is so simple and discounts for claim-free years are very attractive. Regarding my health policy. Really impressed.,4,1
Poor communication from claim department. Status stayed under review for weeks. Applied for my term insurance. Completely unacceptable.,2,0
Third party claim settled without any disputes or delays. Very satisfied with the service. Regarding my bike insurance. Very pleased.,4,1
My claim was settled very fast and the support team was genuinely helpful throughout. Regarding my family floater plan. Smooth process.,5,1
Hidden deductibles and co-pay percentages that were never disclosed at time of purchase. Applied for my family floater plan. Avoid this company.,1,0
Hidden deductibles and co-pay percentages that were never disclosed at time of purchase. Applied for my car policy. Zero stars.,1,0
Claim officer guided me through all required documentation step by step. Very professional. Regarding my bike insurance. Very pleased.,5,1
Very easy claim filing process through the mobile app. Highly recommend this insurance provider. Regarding my bike insurance. Will renew for sure.,4,1
Affordable health insurance plan for senior citizens with extensive hospital network. Regarding my health policy. 10/10 service.,5,1
Hidden deductibles and co-pay percentages that were never disclosed at time of purchase. Applied for my bike insurance. Extremely disappointed.,1,0
Claim officer guided me through all required documentation step by step. Very professional. Regarding my motor insurance. Smooth process.,4,1
Third party claim settled without any disputes or delays. Very satisfied with the service. Regarding my bike insurance. Very pleased.,4,1
Excellent experience with InsureAI! The reimbursement was credited in just 2 days. Regarding my motor insurance. Smooth process.,5,1
Very easy claim filing process through the mobile app. Highly recommend this insurance provider. Regarding my car policy. Thank you team.,5,1
Surveyor took two weeks to inspect vehicle damage and reported inaccurate assessment. Applied for my comprehensive coverage. Never purchasing again.,1,0
Terrible experience. Customer support keeps putting me on hold and never returns calls. Applied for my health policy. Worst experience.,2,0
App crashes constantly while uploading accident damage photos. Very frustrating interface. Applied for my health policy. Worst experience.,1,0
Renewal process is so simple and discounts for claim-free years are very attractive. Regarding my health policy. Great job!,5,1
Waited 3 months with no response. Worst customer service ever encountered. Applied for my health policy. Never purchasing again.,1,0
"Customer care officer was polite, patient, and solved my policy renewal query in minutes. Regarding my motor insurance. Smooth process.",4,1
"Customer care officer was polite, patient, and solved my policy renewal query in minutes. Regarding my car policy. Will renew for sure.",5,1
Cashless hospitalization process was totally hassle-free. Hospital desk handled everything smoothly. Regarding my motor insurance. Thank you team.,4,1
Cashless hospital network was rejected at hospital admission. Had to pay from my pocket. Applied for my family floater plan. Total waste of money.,1,0
Third party claim settled without any disputes or delays. Very satisfied with the service. Regarding my car policy. Smooth process.,4,1
Terrible experience. Customer support keeps putting me on hold and never returns calls. Applied for my health policy. Total waste of money.,1,0
Third party claim settled without any disputes or delays. Very satisfied with the service. Regarding my health policy. Very pleased.,5,1
App crashes constantly while uploading accident damage photos. Very frustrating interface. Applied for my bike insurance. Avoid this company.,2,0
App crashes constantly while uploading accident damage photos. Very frustrating interface. Applied for my bike insurance. Extremely disappointed.,1,0
Claim officer guided me through all required documentation step by step. Very professional. Regarding my car policy. 10/10 service.,5,1
Roadside assistance arrived within 25 minutes after my car broke down on highway. Impressive! Regarding my car policy. Outstanding work.,5,1
They deducted 40 percent of my claim amount citing obscure clauses not mentioned earlier. Applied for my health policy. Worst experience.,1,0
Extremely high renewal premium hike without any filed claims or medical history change. Applied for my motor insurance. Disastrous service.,1,0
Hidden deductibles and co-pay percentages that were never disclosed at time of purchase. Applied for my comprehensive coverage. Extremely disappointed.,2,0
Roadside assistance arrived within 25 minutes after my car broke down on highway. Impressive! Regarding my motor insurance. Very pleased.,4,1
Extremely high renewal premium hike without any filed claims or medical history change. Applied for my motor insurance. Never purchasing again.,1,0
Excellent experience with InsureAI! The reimbursement was credited in just 2 days. Regarding my motor insurance. Really impressed.,4,1
Rude and unhelpful support staff. Kept asking for same documents repeatedly. Applied for my family floater plan. Never purchasing again.,2,0
Roadside assistance arrived within 25 minutes after my car broke down on highway. Impressive! Regarding my car policy. Great job!,4,1
Transparent claim verification and fast payout. Best insurance experience I have had so far. Regarding my family floater plan. Will renew for sure.,5,1
Extremely high renewal premium hike without any filed claims or medical history change. Applied for my bike insurance. Avoid this company.,2,0
Transparent claim verification and fast payout. Best insurance experience I have had so far. Regarding my health policy. Thank you team.,4,1
Roadside assistance arrived within 25 minutes after my car broke down on highway. Impressive! Regarding my bike insurance. 10/10 service.,5,1
Cashless hospitalization process was totally hassle-free. Hospital desk handled everything smoothly. Regarding my car policy. Thank you team.,4,1
Affordable health insurance plan for senior citizens with extensive hospital network. Regarding my health policy. Smooth process.,4,1
Excellent experience with InsureAI! The reimbursement was credited in just 2 days. Regarding my bike insurance. Great job!,4,1
Affordable health insurance plan for senior citizens with extensive hospital network. Regarding my term insurance. Will renew for sure.,5,1
Transparent claim verification and fast payout. Best insurance experience I have had so far. Regarding my health policy. 10/10 service.,4,1
Delayed reimbursement for emergency treatment by over 60 days. Pathetic follow-up. Applied for my comprehensive coverage. Total waste of money.,2,0
Roadside assistance arrived within 25 minutes after my car broke down on highway. Impressive! Regarding my car policy. Great job!,5,1
Renewal process is so simple and discounts for claim-free years are very attractive. Regarding my bike insurance. Will renew for sure.,4,1
Extremely high renewal premium hike without any filed claims or medical history change. Applied for my family floater plan. Avoid this company.,2,0
Renewal process is so simple and discounts for claim-free years are very attractive. Regarding my bike insurance. Great job!,4,1
Renewal process is so simple and discounts for claim-free years are very attractive. Regarding my motor insurance. Great job!,4,1
Quick approval for windshield replacement. No unnecessary questions asked. Regarding my car policy. Will renew for sure.,5,1
Fraudulent claim investigation opened against legitimate collision damage. Harassment! Applied for my car policy. Zero stars.,1,0
Delayed reimbursement for emergency treatment by over 60 days. Pathetic follow-up. Applied for my term insurance. Completely unacceptable.,1,0
Transparent claim verification and fast payout. Best insurance experience I have had so far. Regarding my car policy. Great job!,4,1
Fraudulent claim investigation opened against legitimate collision damage. Harassment! Applied for my bike insurance. Avoid this company.,2,0
"Customer care officer was polite, patient, and solved my policy renewal query in minutes. Regarding my comprehensive coverage. Smooth process.",5,1
Waited 3 months with no response. Worst customer service ever encountered. Applied for my health policy. Extremely disappointed.,1,0
My claim was settled very fast and the support team was genuinely helpful throughout. Regarding my family floater plan. Great job!,5,1
Prompt response on chat support. All my queries regarding deductible were clarified clearly. Regarding my motor insurance. Really impressed.,5,1
Fair premium quotes and comprehensive health coverage with no hidden clauses. Regarding my health policy. Smooth process.,5,1
Waited 3 months with no response. Worst customer service ever encountered. Applied for my motor insurance. Avoid this company.,1,0
Cashless hospital network was rejected at hospital admission. Had to pay from my pocket. Applied for my family floater plan. Avoid this company.,1,0
Third party claim settled without any disputes or delays. Very satisfied with the service. Regarding my bike insurance. Very pleased.,5,1
Claim officer guided me through all required documentation step by step. Very professional. Regarding my family floater plan. Smooth process.,4,1
Renewal process is so simple and discounts for claim-free years are very attractive. Regarding my comprehensive coverage. Really impressed.,4,1
Extremely high renewal premium hike without any filed claims or medical history change. Applied for my term insurance. Total waste of money.,2,0
Claim officer guided me through all required documentation step by step. Very professional. Regarding my family floater plan. 10/10 service.,4,1
Very easy claim filing process through the mobile app. Highly recommend this insurance provider. Regarding my family floater plan. Will renew for sure.,5,1
Claim officer guided me through all required documentation step by step. Very professional. Regarding my comprehensive coverage. Very pleased.,4,1
Claim rejected without any clear explanation after paying premiums diligently for 4 years. Applied for my bike insurance. Worst experience.,2,0
Extremely high renewal premium hike without any filed claims or medical history change. Applied for my family floater plan. Never purchasing again.,1,0
Transparent claim verification and fast payout. Best insurance experience I have had so far. Regarding my term insurance. Great job!,4,1
Rude and unhelpful support staff. Kept asking for same documents repeatedly. Applied for my term insurance. Never purchasing again.,1,0
Third party claim settled without any disputes or delays. Very satisfied with the service. Regarding my car policy. Smooth process.,4,1
Misleading policy benefits sold by agent. Critical illness coverage had hidden sub-limits. Applied for my family floater plan. Never purchasing again.,2,0
Terrible experience. Customer support keeps putting me on hold and never returns calls. Applied for my comprehensive coverage. Worst experience.,1,0
Delayed reimbursement for emergency treatment by over 60 days. Pathetic follow-up. Applied for my car policy. Worst experience.,2,0
Very easy claim filing process through the mobile app. Highly recommend this insurance provider. Regarding my motor insurance. Really impressed.,4,1
Cashless hospital network was rejected at hospital admission. Had to pay from my pocket. Applied for my bike insurance. Avoid this company.,1,0
Fraudulent claim investigation opened against legitimate collision damage. Harassment! Applied for my health policy. Completely unacceptable.,1,0
Hidden deductibles and co-pay percentages that were never disclosed at time of purchase. Applied for my family floater plan. Zero stars.,2,0
Extremely high renewal premium hike without any filed claims or medical history change. Applied for my bike insurance. Worst experience.,2,0
They deducted 40 percent of my claim amount citing obscure clauses not mentioned earlier. Applied for my bike insurance. Completely unacceptable.,1,0
They deducted 40 percent of my claim amount citing obscure clauses not mentioned earlier. Applied for my comprehensive coverage. Disastrous service.,1,0
Claim rejected without any clear explanation after paying premiums diligently for 4 years. Applied for my comprehensive coverage. Never purchasing again.,1,0
Extremely high renewal premium hike without any filed claims or medical history change. Applied for my car policy. Total waste of money.,2,0
Dispute resolution process is a complete nightmare. Nobody takes accountability. Applied for my health policy. Worst experience.,1,0
They deducted 40 percent of my claim amount citing obscure clauses not mentioned earlier. Applied for my comprehensive coverage. Avoid this company.,2,0
Transparent claim verification and fast payout. Best insurance experience I have had so far. Regarding my car policy. Smooth process.,5,1
"Customer care officer was polite, patient, and solved my policy renewal query in minutes. Regarding my bike insurance. Smooth process.",5,1
Cashless hospital network was rejected at hospital admission. Had to pay from my pocket. Applied for my bike insurance. Disastrous service.,2,0
"Customer care officer was polite, patient, and solved my policy renewal query in minutes. Regarding my bike insurance. Really impressed.",4,1
"Customer care officer was polite, patient, and solved my policy renewal query in minutes. Regarding my bike insurance. 10/10 service.",4,1
They deducted 40 percent of my claim amount citing obscure clauses not mentioned earlier. Applied for my motor insurance. Extremely disappointed.,2,0
Transparent claim verification and fast payout. Best insurance experience I have had so far. Regarding my health policy. Great job!,4,1
Terrible experience. Customer support keeps putting me on hold and never returns calls. Applied for my motor insurance. Never purchasing again.,1,0
Fraudulent claim investigation opened against legitimate collision damage. Harassment! Applied for my term insurance. Total waste of money.,1,0
Fraudulent claim investigation opened against legitimate collision damage. Harassment! Applied for my comprehensive coverage. Extremely disappointed.,1,0
Delayed reimbursement for emergency treatment by over 60 days. Pathetic follow-up. Applied for my family floater plan. Never purchasing again.,2,0
Hidden deductibles and co-pay percentages that were never disclosed at time of purchase. Applied for my car policy. Extremely disappointed.,1,0
Cashless hospitalization process was totally hassle-free. Hospital desk handled everything smoothly. Regarding my bike insurance. Really impressed.,4,1
Delayed reimbursement for emergency treatment by over 60 days. Pathetic follow-up. Applied for my car policy. Zero stars.,2,0
Quick approval for windshield replacement. No unnecessary questions asked. Regarding my term insurance. Will renew for sure.,4,1
Affordable health insurance plan for senior citizens with extensive hospital network. Regarding my bike insurance. Really impressed.,5,1
Fraudulent claim investigation opened against legitimate collision damage. Harassment! Applied for my car policy. Disastrous service.,1,0
Claim rejected without any clear explanation after paying premiums diligently for 4 years. Applied for my family floater plan. Avoid this company.,1,0
Very easy claim filing process through the mobile app. Highly recommend this insurance provider. Regarding my bike insurance. Really impressed.,4,1
App crashes constantly while uploading accident damage photos. Very frustrating interface. Applied for my motor insurance. Completely unacceptable.,2,0
App crashes constantly while uploading accident damage photos. Very frustrating interface. Applied for my health policy. Disastrous service.,2,0
Rude and unhelpful support staff. Kept asking for same documents repeatedly. Applied for my comprehensive coverage. Never purchasing again.,2,0
Hidden deductibles and co-pay percentages that were never disclosed at time of purchase. Applied for my family floater plan. Zero stars.,1,0
Affordable health insurance plan for senior citizens with extensive hospital network. Regarding my family floater plan. Thank you team.,4,1
Third party claim settled without any disputes or delays. Very satisfied with the service. Regarding my family floater plan. Thank you team.,4,1
Rude and unhelpful support staff. Kept asking for same documents repeatedly. Applied for my car policy. Worst experience.,1,0
Fraudulent claim investigation opened against legitimate collision damage. Harassment! Applied for my health policy. Extremely disappointed.,2,0
Fair premium quotes and comprehensive health coverage with no hidden clauses. Regarding my car policy. Outstanding work.,4,1
Dispute resolution process is a complete nightmare. Nobody takes accountability. Applied for my term insurance. Worst experience.,2,0
My claim was settled very fast and the support team was genuinely helpful throughout. Regarding my health policy. Outstanding work.,4,1
Renewal process is so simple and discounts for claim-free years are very attractive. Regarding my bike insurance. Very pleased.,4,1
Terrible experience. Customer support keeps putting me on hold and never returns calls. Applied for my comprehensive coverage. Extremely disappointed.,2,0
Fraudulent claim investigation opened against legitimate collision damage. Harassment! Applied for my family floater plan. Extremely disappointed.,1,0
Fraudulent claim investigation opened against legitimate collision damage. Harassment! Applied for my term insurance. Avoid this company.,1,0
Great digital experience. Uploaded photos of car dent and claim approved within 3 hours. Regarding my term insurance. Smooth process.,4,1
Transparent claim verification and fast payout. Best insurance experience I have had so far. Regarding my comprehensive coverage. Really impressed.,4,1
Fraudulent claim investigation opened against legitimate collision damage. Harassment! Applied for my comprehensive coverage. Disastrous service.,2,0
"Customer care officer was polite, patient, and solved my policy renewal query in minutes. Regarding my motor insurance. Great job!",5,1
My claim was settled very fast and the support team was genuinely helpful throughout. Regarding my family floater plan. Outstanding work.,4,1
Dispute resolution process is a complete nightmare. Nobody takes accountability. Applied for my bike insurance. Disastrous service.,2,0
Misleading policy benefits sold by agent. Critical illness coverage had hidden sub-limits. Applied for my health policy. Disastrous service.,1,0
They deducted 40 percent of my claim amount citing obscure clauses not mentioned earlier. Applied for my health policy. Extremely disappointed.,1,0
Fair premium quotes and comprehensive health coverage with no hidden clauses. Regarding my term insurance. Will renew for sure.,5,1
Terrible experience. Customer support keeps putting me on hold and never returns calls. Applied for my health policy. Avoid this company.,2,0
Quick approval for windshield replacement. No unnecessary questions asked. Regarding my comprehensive coverage. Great job!,5,1
Excellent experience with InsureAI! The reimbursement was credited in just 2 days. Regarding my health policy. Really impressed.,4,1
Terrible experience. Customer support keeps putting me on hold and never returns calls. Applied for my motor insurance. Disastrous service.,1,0
Fraudulent claim investigation opened against legitimate collision damage. Harassment! Applied for my family floater plan. Avoid this company.,1,0
Poor communication from claim department. Status stayed under review for weeks. Applied for my family floater plan. Completely unacceptable.,1,0
Fair premium quotes and comprehensive health coverage with no hidden clauses. Regarding my bike insurance. Will renew for sure.,4,1
Prompt response on chat support. All my queries regarding deductible were clarified clearly. Regarding my term insurance. Really impressed.,5,1
Fair premium quotes and comprehensive health coverage with no hidden clauses. Regarding my family floater plan. Outstanding work.,5,1
Surveyor took two weeks to inspect vehicle damage and reported inaccurate assessment. Applied for my comprehensive coverage. Worst experience.,1,0
Great digital experience. Uploaded photos of car dent and claim approved within 3 hours. Regarding my bike insurance. Great job!,4,1
Surveyor took two weeks to inspect vehicle damage and reported inaccurate assessment. Applied for my health policy. Zero stars.,2,0
They deducted 40 percent of my claim amount citing obscure clauses not mentioned earlier. Applied for my bike insurance. Zero stars.,2,0
Great digital experience. Uploaded photos of car dent and claim approved within 3 hours. Regarding my health policy. Smooth process.,5,1
Fair premium quotes and comprehensive health coverage with no hidden clauses. Regarding my bike insurance. 10/10 service.,5,1
Hidden deductibles and co-pay percentages that were never disclosed at time of purchase. Applied for my car policy. Completely unacceptable.,2,0
Excellent experience with InsureAI! The reimbursement was credited in just 2 days. Regarding my comprehensive coverage. Will renew for sure.,4,1
Cashless hospital network was rejected at hospital admission. Had to pay from my pocket. Applied for my car policy. Worst experience.,1,0
Excellent experience with InsureAI! The reimbursement was credited in just 2 days. Regarding my car policy. Outstanding work.,4,1
Renewal process is so simple and discounts for claim-free years are very attractive. Regarding my bike insurance. Great job!,5,1
Fraudulent claim investigation opened against legitimate collision damage. Harassment! Applied for my car policy. Extremely disappointed.,2,0
Dispute resolution process is a complete nightmare. Nobody takes accountability. Applied for my term insurance. Disastrous service.,2,0
Claim officer guided me through all required documentation step by step. Very professional. Regarding my comprehensive coverage. 10/10 service.,5,1
Third party claim settled without any disputes or delays. Very satisfied with the service. Regarding my motor insurance. Smooth process.,5,1
Surveyor took two weeks to inspect vehicle damage and reported inaccurate assessment. Applied for my motor insurance. Avoid this company.,2,0
Terrible experience. Customer support keeps putting me on hold and never returns calls. Applied for my term insurance. Zero stars.,1,0
They deducted 40 percent of my claim amount citing obscure clauses not mentioned earlier. Applied for my comprehensive coverage. Total waste of money.,2,0
App crashes constantly while uploading accident damage photos. Very frustrating interface. Applied for my bike insurance. Disastrous service.,1,0
Third party claim settled without any disputes or delays. Very satisfied with the service. Regarding my car policy. Great job!,4,1
Cashless hospitalization process was totally hassle-free. Hospital desk handled everything smoothly. Regarding my term insurance. Will renew for sure.,5,1
Roadside assistance arrived within 25 minutes after my car broke down on highway. Impressive! Regarding my term insurance. Outstanding work.,5,1
Claim officer guided me through all required documentation step by step. Very professional. Regarding my bike insurance. Outstanding work.,5,1
Surveyor took two weeks to inspect vehicle damage and reported inaccurate assessment. Applied for my motor insurance. Completely unacceptable.,2,0
Very easy claim filing process through the mobile app. Highly recommend this insurance provider. Regarding my family floater plan. Outstanding work.,5,1
Dispute resolution process is a complete nightmare. Nobody takes accountability. Applied for my bike insurance. Zero stars.,2,0
Misleading policy benefits sold by agent. Critical illness coverage had hidden sub-limits. Applied for my health policy. Completely unacceptable.,1,0
Transparent claim verification and fast payout. Best insurance experience I have had so far. Regarding my bike insurance. Really impressed.,4,1
Great digital experience. Uploaded photos of car dent and claim approved within 3 hours. Regarding my bike insurance. Smooth process.,4,1
Terrible experience. Customer support keeps putting me on hold and never returns calls. Applied for my bike insurance. Avoid this company.,2,0
Cashless hospitalization process was totally hassle-free. Hospital desk handled everything smoothly. Regarding my bike insurance. Great job!,5,1
Terrible experience. Customer support keeps putting me on hold and never returns calls. Applied for my family floater plan. Disastrous service.,1,0
Fair premium quotes and comprehensive health coverage with no hidden clauses. Regarding my bike insurance. Thank you team.,5,1
Claim rejected without any clear explanation after paying premiums diligently for 4 years. Applied for my term insurance. Zero stars.,2,0
Excellent experience with InsureAI! The reimbursement was credited in just 2 days. Regarding my family floater plan. Smooth process.,4,1
Terrible experience. Customer support keeps putting me on hold and never returns calls. Applied for my term insurance. Never purchasing again.,2,0
Misleading policy benefits sold by agent. Critical illness coverage had hidden sub-limits. Applied for my motor insurance. Never purchasing again.,1,0
Delayed reimbursement for emergency treatment by over 60 days. Pathetic follow-up. Applied for my car policy. Zero stars.,1,0
Dispute resolution process is a complete nightmare. Nobody takes accountability. Applied for my car policy. Extremely disappointed.,1,0
Rude and unhelpful support staff. Kept asking for same documents repeatedly. Applied for my car policy. Disastrous service.,2,0
Prompt response on chat support. All my queries regarding deductible were clarified clearly. Regarding my health policy. Smooth process.,5,1
Very easy claim filing process through the mobile app. Highly recommend this insurance provider. Regarding my health policy. Will renew for sure.,4,1
Fair premium quotes and comprehensive health coverage with no hidden clauses. Regarding my family floater plan. Great job!,4,1
Extremely high renewal premium hike without any filed claims or medical history change. Applied for my health policy. Completely unacceptable.,2,0
Delayed reimbursement for emergency treatment by over 60 days. Pathetic follow-up. Applied for my motor insurance. Avoid this company.,1,0
"Customer care officer was polite, patient, and solved my policy renewal query in minutes. Regarding my bike insurance. Outstanding work.",4,1
Fair premium quotes and comprehensive health coverage with no hidden clauses. Regarding my comprehensive coverage. Smooth process.,4,1
Delayed reimbursement for emergency treatment by over 60 days. Pathetic follow-up. Applied for my bike insurance. Disastrous service.,1,0
Cashless hospitalization process was totally hassle-free. Hospital desk handled everything smoothly. Regarding my car policy. 10/10 service.,4,1
Claim rejected without any clear explanation after paying premiums diligently for 4 years. Applied for my comprehensive coverage. Total waste of money.,2,0
Delayed reimbursement for emergency treatment by over 60 days. Pathetic follow-up. Applied for my health policy. Never purchasing again.,2,0
Prompt response on chat support. All my queries regarding deductible were clarified clearly. Regarding my motor insurance. Smooth process.,5,1
Quick approval for windshield replacement. No unnecessary questions asked. Regarding my motor insurance. Great job!,5,1
Third party claim settled without any disputes or delays. Very satisfied with the service. Regarding my motor insurance. Smooth process.,4,1
Claim officer guided me through all required documentation step by step. Very professional. Regarding my term insurance. Outstanding work.,4,1
Fair premium quotes and comprehensive health coverage with no hidden clauses. Regarding my car policy. Very pleased.,4,1
Dispute resolution process is a complete nightmare. Nobody takes accountability. Applied for my car policy. Completely unacceptable.,2,0
Extremely high renewal premium hike without any filed claims or medical history change. Applied for my car policy. Zero stars.,1,0
Excellent experience with InsureAI! The reimbursement was credited in just 2 days. Regarding my motor insurance. Great job!,4,1
My claim was settled very fast and the support team was genuinely helpful throughout. Regarding my comprehensive coverage. 10/10 service.,5,1
Transparent claim verification and fast payout. Best insurance experience I have had so far. Regarding my family floater plan. Great job!,4,1
Fair premium quotes and comprehensive health coverage with no hidden clauses. Regarding my comprehensive coverage. Will renew for sure.,5,1
Excellent experience with InsureAI! The reimbursement was credited in just 2 days. Regarding my comprehensive coverage. Great job!,4,1
Renewal process is so simple and discounts for claim-free years are very attractive. Regarding my car policy. 10/10 service.,4,1
Poor communication from claim department. Status stayed under review for weeks. Applied for my family floater plan. Disastrous service.,1,0
Roadside assistance arrived within 25 minutes after my car broke down on highway. Impressive! Regarding my term insurance. 10/10 service.,5,1
They deducted 40 percent of my claim amount citing obscure clauses not mentioned earlier. Applied for my term insurance. Disastrous service.,2,0
Renewal process is so simple and discounts for claim-free years are very attractive. Regarding my comprehensive coverage. Very pleased.,4,1
Extremely high renewal premium hike without any filed claims or medical history change. Applied for my health policy. Total waste of money.,1,0
Claim rejected without any clear explanation after paying premiums diligently for 4 years. Applied for my bike insurance. Worst experience.,1,0
Surveyor took two weeks to inspect vehicle damage and reported inaccurate assessment. Applied for my bike insurance. Disastrous service.,1,0
App crashes constantly while uploading accident damage photos. Very frustrating interface. Applied for my comprehensive coverage. Disastrous service.,2,0
Fraudulent claim investigation opened against legitimate collision damage. Harassment! Applied for my term insurance. Disastrous service.,2,0
Misleading policy benefits sold by agent. Critical illness coverage had hidden sub-limits. Applied for my family floater plan. Worst experience.,2,0
Third party claim settled without any disputes or delays. Very satisfied with the service. Regarding my motor insurance. Really impressed.,5,1
My claim was settled very fast and the support team was genuinely helpful throughout. Regarding my car policy. Smooth process.,5,1
App crashes constantly while uploading accident damage photos. Very frustrating interface. Applied for my bike insurance. Avoid this company.,2,0
They deducted 40 percent of my claim amount citing obscure clauses not mentioned earlier. Applied for my health policy. Zero stars.,1,0
Affordable health insurance plan for senior citizens with extensive hospital network. Regarding my bike insurance. Will renew for sure.,5,1
Misleading policy benefits sold by agent. Critical illness coverage had hidden sub-limits. Applied for my car policy. Avoid this company.,1,0
Poor communication from claim department. Status stayed under review for weeks. Applied for my comprehensive coverage. Disastrous service.,1,0
Transparent claim verification and fast payout. Best insurance experience I have had so far. Regarding my term insurance. Outstanding work.,4,1
Claim rejected without any clear explanation after paying premiums diligently for 4 years. Applied for my bike insurance. Avoid this company.,1,0
Claim officer guided me through all required documentation step by step. Very professional. Regarding my motor insurance. 10/10 service.,5,1
They deducted 40 percent of my claim amount citing obscure clauses not mentioned earlier. Applied for my family floater plan. Completely unacceptable.,1,0
"Customer care officer was polite, patient, and solved my policy renewal query in minutes. Regarding my term insurance. Thank you team.",5,1
Claim rejected without any clear explanation after paying premiums diligently for 4 years. Applied for my term insurance. Worst experience.,1,0
Fraudulent claim investigation opened against legitimate collision damage. Harassment! Applied for my family floater plan. Avoid this company.,1,0
Misleading policy benefits sold by agent. Critical illness coverage had hidden sub-limits. Applied for my car policy. Extremely disappointed.,1,0
My claim was settled very fast and the support team was genuinely helpful throughout. Regarding my health policy. Outstanding work.,4,1
They deducted 40 percent of my claim amount citing obscure clauses not mentioned earlier. Applied for my family floater plan. Avoid this company.,2,0
Excellent experience with InsureAI! The reimbursement was credited in just 2 days. Regarding my family floater plan. Really impressed.,4,1
Waited 3 months with no response. Worst customer service ever encountered. Applied for my bike insurance. Worst experience.,1,0
They deducted 40 percent of my claim amount citing obscure clauses not mentioned earlier. Applied for my bike insurance. Extremely disappointed.,2,0
Claim officer guided me through all required documentation step by step. Very professional. Regarding my motor insurance. Will renew for sure.,5,1
Very easy claim filing process through the mobile app. Highly recommend this insurance provider. Regarding my family floater plan. Great job!,4,1
Surveyor took two weeks to inspect vehicle damage and reported inaccurate assessment. Applied for my family floater plan. Completely unacceptable.,2,0
Claim officer guided me through all required documentation step by step. Very professional. Regarding my bike insurance. Very pleased.,4,1
Terrible experience. Customer support keeps putting me on hold and never returns calls. Applied for my health policy. Completely unacceptable.,2,0
App crashes constantly while uploading accident damage photos. Very frustrating interface. Applied for my car policy. Zero stars.,2,0
Great digital experience. Uploaded photos of car dent and claim approved within 3 hours. Regarding my car policy. Thank you team.,4,1
Affordable health insurance plan for senior citizens with extensive hospital network. Regarding my car policy. Great job!,4,1
Extremely high renewal premium hike without any filed claims or medical history change. Applied for my term insurance. Avoid this company.,1,0
Third party claim settled without any disputes or delays. Very satisfied with the service. Regarding my comprehensive coverage. Great job!,5,1
Cashless hospitalization process was totally hassle-free. Hospital desk handled everything smoothly. Regarding my bike insurance. Thank you team.,5,1
"Customer care officer was polite, patient, and solved my policy renewal query in minutes. Regarding my bike insurance. Great job!",4,1
Great digital experience. Uploaded photos of car dent and claim approved within 3 hours. Regarding my family floater plan. Thank you team.,5,1
Dispute resolution process is a complete nightmare. Nobody takes accountability. Applied for my bike insurance. Avoid this company.,2,0
Cashless hospitalization process was totally hassle-free. Hospital desk handled everything smoothly. Regarding my comprehensive coverage. Outstanding work.,4,1
Claim rejected without any clear explanation after paying premiums diligently for 4 years. Applied for my motor insurance. Zero stars.,1,0
My claim was settled very fast and the support team was genuinely helpful throughout. Regarding my bike insurance. Outstanding work.,4,1
Transparent claim verification and fast payout. Best insurance experience I have had so far. Regarding my comprehensive coverage. 10/10 service.,5,1
My claim was settled very fast and the support team was genuinely helpful throughout. Regarding my family floater plan. Very pleased.,5,1
Prompt response on chat support. All my queries regarding deductible were clarified clearly. Regarding my family floater plan. Outstanding work.,4,1
Extremely high renewal premium hike without any filed claims or medical history change. Applied for my comprehensive coverage. Disastrous service.,2,0
Excellent experience with InsureAI! The reimbursement was credited in just 2 days. Regarding my motor insurance. Outstanding work.,5,1
"Customer care officer was polite, patient, and solved my policy renewal query in minutes. Regarding my car policy. Very pleased.",5,1
Claim rejected without any clear explanation after paying premiums diligently for 4 years. Applied for my term insurance. Worst experience.,2,0
Affordable health insurance plan for senior citizens with extensive hospital network. Regarding my health policy. Thank you team.,5,1
Waited 3 months with no response. Worst customer service ever encountered. Applied for my comprehensive coverage. Worst experience.,2,0
Roadside assistance arrived within 25 minutes after my car broke down on highway. Impressive! Regarding my bike insurance. Thank you team.,5,1
Prompt response on chat support. All my queries regarding deductible were clarified clearly. Regarding my health policy. Thank you team.,4,1
Third party claim settled without any disputes or delays. Very satisfied with the service. Regarding my family floater plan. Will renew for sure.,4,1
Misleading policy benefits sold by agent. Critical illness coverage had hidden sub-limits. Applied for my family floater plan. Extremely disappointed.,2,0
App crashes constantly while uploading accident damage photos. Very frustrating interface. Applied for my motor insurance. Avoid this company.,1,0
Roadside assistance arrived within 25 minutes after my car broke down on highway. Impressive! Regarding my car policy. 10/10 service.,4,1
Extremely high renewal premium hike without any filed claims or medical history change. Applied for my bike insurance. Never purchasing again.,1,0
Cashless hospital network was rejected at hospital admission. Had to pay from my pocket. Applied for my car policy. Extremely disappointed.,2,0
Rude and unhelpful support staff. Kept asking for same documents repeatedly. Applied for my car policy. Extremely disappointed.,2,0
Cashless hospital network was rejected at hospital admission. Had to pay from my pocket. Applied for my bike insurance. Avoid this company.,2,0
App crashes constantly while uploading accident damage photos. Very frustrating interface. Applied for my car policy. Completely unacceptable.,2,0
Surveyor took two weeks to inspect vehicle damage and reported inaccurate assessment. Applied for my car policy. Worst experience.,2,0
Claim rejected without any clear explanation after paying premiums diligently for 4 years. Applied for my car policy. Disastrous service.,2,0
Poor communication from claim department. Status stayed under review for weeks. Applied for my motor insurance. Disastrous service.,1,0
Waited 3 months with no response. Worst customer service ever encountered. Applied for my comprehensive coverage. Completely unacceptable.,2,0
Poor communication from claim department. Status stayed under review for weeks. Applied for my bike insurance. Disastrous service.,2,0
Dispute resolution process is a complete nightmare. Nobody takes accountability. Applied for my bike insurance. Completely unacceptable.,2,0
Surveyor took two weeks to inspect vehicle damage and reported inaccurate assessment. Applied for my motor insurance. Disastrous service.,1,0
Claim rejected without any clear explanation after paying premiums diligently for 4 years. Applied for my bike insurance. Worst experience.,1,0
Great digital experience. Uploaded photos of car dent and claim approved within 3 hours. Regarding my term insurance. 10/10 service.,4,1
Claim rejected without any clear explanation after paying premiums diligently for 4 years. Applied for my family floater plan. Zero stars.,2,0
Fair premium quotes and comprehensive health coverage with no hidden clauses. Regarding my comprehensive coverage. Great job!,5,1
Hidden deductibles and co-pay percentages that were never disclosed at time of purchase. Applied for my health policy. Worst experience.,2,0
Surveyor took two weeks to inspect vehicle damage and reported inaccurate assessment. Applied for my car policy. Disastrous service.,1,0
Waited 3 months with no response. Worst customer service ever encountered. Applied for my family floater plan. Avoid this company.,1,0
Excellent experience with InsureAI! The reimbursement was credited in just 2 days. Regarding my family floater plan. Smooth process.,4,1
Terrible experience. Customer support keeps putting me on hold and never returns calls. Applied for my family floater plan. Total waste of money.,2,0
Hidden deductibles and co-pay percentages that were never disclosed at time of purchase. Applied for my term insurance. Total waste of money.,1,0
Renewal process is so simple and discounts for claim-free years are very attractive. Regarding my comprehensive coverage. Great job!,5,1
Fraudulent claim investigation opened against legitimate collision damage. Harassment! Applied for my health policy. Disastrous service.,2,0
My claim was settled very fast and the support team was genuinely helpful throughout. Regarding my motor insurance. 10/10 service.,4,1
Hidden deductibles and co-pay percentages that were never disclosed at time of purchase. Applied for my family floater plan. Zero stars.,2,0
My claim was settled very fast and the support team was genuinely helpful throughout. Regarding my health policy. Outstanding work.,5,1
They deducted 40 percent of my claim amount citing obscure clauses not mentioned earlier. Applied for my motor insurance. Completely unacceptable.,2,0
Misleading policy benefits sold by agent. Critical illness coverage had hidden sub-limits. Applied for my motor insurance. Disastrous service.,1,0
"Customer care officer was polite, patient, and solved my policy renewal query in minutes. Regarding my motor insurance. Will renew for sure.",5,1
Roadside assistance arrived within 25 minutes after my car broke down on highway. Impressive! Regarding my family floater plan. Very pleased.,5,1
Cashless hospitalization process was totally hassle-free. Hospital desk handled everything smoothly. Regarding my family floater plan. Really impressed.,4,1
Affordable health insurance plan for senior citizens with extensive hospital network. Regarding my family floater plan. Will renew for sure.,5,1
Renewal process is so simple and discounts for claim-free years are very attractive. Regarding my comprehensive coverage. Outstanding work.,5,1
Delayed reimbursement for emergency treatment by over 60 days. Pathetic follow-up. Applied for my term insurance. Total waste of money.,1,0
Excellent experience with InsureAI! The reimbursement was credited in just 2 days. Regarding my motor insurance. Will renew for sure.,4,1
Affordable health insurance plan for senior citizens with extensive hospital network. Regarding my health policy. Thank you team.,4,1
They deducted 40 percent of my claim amount citing obscure clauses not mentioned earlier. Applied for my motor insurance. Zero stars.,2,0
Fraudulent claim investigation opened against legitimate collision damage. Harassment! Applied for my comprehensive coverage. Never purchasing again.,2,0
Excellent experience with InsureAI! The reimbursement was credited in just 2 days. Regarding my comprehensive coverage. Thank you team.,5,1
Quick approval for windshield replacement. No unnecessary questions asked. Regarding my term insurance. Great job!,5,1
Transparent claim verification and fast payout. Best insurance experience I have had so far. Regarding my comprehensive coverage. Thank you team.,4,1
Rude and unhelpful support staff. Kept asking for same documents repeatedly. Applied for my car policy. Completely unacceptable.,2,0
Third party claim settled without any disputes or delays. Very satisfied with the service. Regarding my comprehensive coverage. Really impressed.,4,1
Dispute resolution process is a complete nightmare. Nobody takes accountability. Applied for my motor insurance. Total waste of money.,1,0
Rude and unhelpful support staff. Kept asking for same documents repeatedly. Applied for my family floater plan. Never purchasing again.,2,0
Cashless hospital network was rejected at hospital admission. Had to pay from my pocket. Applied for my term insurance. Disastrous service.,2,0
Quick approval for windshield replacement. No unnecessary questions asked. Regarding my comprehensive coverage. Really impressed.,5,1
Affordable health insurance plan for senior citizens with extensive hospital network. Regarding my health policy. Thank you team.,5,1
Terrible experience. Customer support keeps putting me on hold and never returns calls. Applied for my comprehensive coverage. Completely unacceptable.,2,0
Prompt response on chat support. All my queries regarding deductible were clarified clearly. Regarding my family floater plan. Very pleased.,5,1
Excellent experience with InsureAI! The reimbursement was credited in just 2 days. Regarding my term insurance. 10/10 service.,4,1
Prompt response on chat support. All my queries regarding deductible were clarified clearly. Regarding my family floater plan. Outstanding work.,5,1
Excellent experience with InsureAI! The reimbursement was credited in just 2 days. Regarding my health policy. Thank you team.,4,1
Roadside assistance arrived within 25 minutes after my car broke down on highway. Impressive! Regarding my comprehensive coverage. Thank you team.,4,1
Rude and unhelpful support staff. Kept asking for same documents repeatedly. Applied for my family floater plan. Extremely disappointed.,1,0
Third party claim settled without any disputes or delays. Very satisfied with the service. Regarding my term insurance. 10/10 service.,4,1
App crashes constantly while uploading accident damage photos. Very frustrating interface. Applied for my family floater plan. Total waste of money.,2,0
Cashless hospital network was rejected at hospital admission. Had to pay from my pocket. Applied for my health policy. Worst experience.,2,0
Quick approval for windshield replacement. No unnecessary questions asked. Regarding my motor insurance. Smooth process.,5,1
Dispute resolution process is a complete nightmare. Nobody takes accountability. Applied for my car policy. Completely unacceptable.,2,0
Misleading policy benefits sold by agent. Critical illness coverage had hidden sub-limits. Applied for my health policy. Disastrous service.,2,0
Dispute resolution process is a complete nightmare. Nobody takes accountability. Applied for my car policy. Avoid this company.,1,0
Claim rejected without any clear explanation after paying premiums diligently for 4 years. Applied for my family floater plan. Zero stars.,1,0
Waited 3 months with no response. Worst customer service ever encountered. Applied for my health policy. Worst experience.,1,0
Rude and unhelpful support staff. Kept asking for same documents repeatedly. Applied for my car policy. Total waste of money.,1,0
Misleading policy benefits sold by agent. Critical illness coverage had hidden sub-limits. Applied for my motor insurance. Total waste of money.,1,0
Excellent experience with InsureAI! The reimbursement was credited in just 2 days. Regarding my motor insurance. Will renew for sure.,5,1
Prompt response on chat support. All my queries regarding deductible were clarified clearly. Regarding my comprehensive coverage. Outstanding work.,4,1
Delayed reimbursement for emergency treatment by over 60 days. Pathetic follow-up. Applied for my motor insurance. Zero stars.,2,0
Very easy claim filing process through the mobile app. Highly recommend this insurance provider. Regarding my comprehensive coverage. Smooth process.,5,1
Rude and unhelpful support staff. Kept asking for same documents repeatedly. Applied for my motor insurance. Worst experience.,2,0
Roadside assistance arrived within 25 minutes after my car broke down on highway. Impressive! Regarding my health policy. Very pleased.,5,1
Dispute resolution process is a complete nightmare. Nobody takes accountability. Applied for my comprehensive coverage. Completely unacceptable.,1,0
Fraudulent claim investigation opened against legitimate collision damage. Harassment! Applied for my bike insurance. Never purchasing again.,2,0
Renewal process is so simple and discounts for claim-free years are very attractive. Regarding my comprehensive coverage. Thank you team.,4,1
Excellent experience with InsureAI! The reimbursement was credited in just 2 days. Regarding my motor insurance. Will renew for sure.,4,1
Delayed reimbursement for emergency treatment by over 60 days. Pathetic follow-up. Applied for my term insurance. Disastrous service.,2,0
Quick approval for windshield replacement. No unnecessary questions asked. Regarding my family floater plan. Thank you team.,4,1
Quick approval for windshield replacement. No unnecessary questions asked. Regarding my bike insurance. Thank you team.,5,1
Third party claim settled without any disputes or delays. Very satisfied with the service. Regarding my car policy. 10/10 service.,4,1
Surveyor took two weeks to inspect vehicle damage and reported inaccurate assessment. Applied for my term insurance. Completely unacceptable.,2,0
Extremely high renewal premium hike without any filed claims or medical history change. Applied for my family floater plan. Never purchasing again.,2,0
Misleading policy benefits sold by agent. Critical illness coverage had hidden sub-limits. Applied for my term insurance. Zero stars.,2,0
They deducted 40 percent of my claim amount citing obscure clauses not mentioned earlier. Applied for my family floater plan. Completely unacceptable.,1,0
Prompt response on chat support. All my queries regarding deductible were clarified clearly. Regarding my health policy. Really impressed.,4,1
Waited 3 months with no response. Worst customer service ever encountered. Applied for my motor insurance. Avoid this company.,2,0
"Customer care officer was polite, patient, and solved my policy renewal query in minutes. Regarding my health policy. Will renew for sure.",4,1
Poor communication from claim department. Status stayed under review for weeks. Applied for my bike insurance. Completely unacceptable.,1,0
Dispute resolution process is a complete nightmare. Nobody takes accountability. Applied for my health policy. Worst experience.,2,0
"Customer care officer was polite, patient, and solved my policy renewal query in minutes. Regarding my bike insurance. 10/10 service.",4,1
Waited 3 months with no response. Worst customer service ever encountered. Applied for my bike insurance. Extremely disappointed.,2,0
Poor communication from claim department. Status stayed under review for weeks. Applied for my health policy. Avoid this company.,1,0
Cashless hospitalization process was totally hassle-free. Hospital desk handled everything smoothly. Regarding my car policy. Smooth process.,4,1
Renewal process is so simple and discounts for claim-free years are very attractive. Regarding my term insurance. Very pleased.,4,1
Renewal process is so simple and discounts for claim-free years are very attractive. Regarding my health policy. Thank you team.,4,1
"Customer care officer was polite, patient, and solved my policy renewal query in minutes. Regarding my family floater plan. 10/10 service.",5,1
Terrible experience. Customer support keeps putting me on hold and never returns calls. Applied for my health policy. Completely unacceptable.,1,0
"Customer care officer was polite, patient, and solved my policy renewal query in minutes. Regarding my family floater plan. Great job!",4,1
Affordable health insurance plan for senior citizens with extensive hospital network. Regarding my car policy. 10/10 service.,4,1
They deducted 40 percent of my claim amount citing obscure clauses not mentioned earlier. Applied for my motor insurance. Disastrous service.,2,0
App crashes constantly while uploading accident damage photos. Very frustrating interface. Applied for my family floater plan. Disastrous service.,2,0
Claim officer guided me through all required documentation step by step. Very professional. Regarding my family floater plan. Great job!,4,1
Affordable health insurance plan for senior citizens with extensive hospital network. Regarding my term insurance. Thank you team.,5,1
Claim officer guided me through all required documentation step by step. Very professional. Regarding my motor insurance. Outstanding work.,5,1
Quick approval for windshield replacement. No unnecessary questions asked. Regarding my car policy. Really impressed.,5,1
Great digital experience. Uploaded photos of car dent and claim approved within 3 hours. Regarding my term insurance. Very pleased.,5,1
Cashless hospital network was rejected at hospital admission. Had to pay from my pocket. Applied for my car policy. Total waste of money.,1,0
Renewal process is so simple and discounts for claim-free years are very attractive. Regarding my car policy. Outstanding work.,5,1
Hidden deductibles and co-pay percentages that were never disclosed at time of purchase. Applied for my motor insurance. Worst experience.,1,0
Rude and unhelpful support staff. Kept asking for same documents repeatedly. Applied for my term insurance. Disastrous service.,2,0
Claim officer guided me through all required documentation step by step. Very professional. Regarding my comprehensive coverage. Really impressed.,5,1
Cashless hospital network was rejected at hospital admission. Had to pay from my pocket. Applied for my comprehensive coverage. Worst experience.,2,0
Great digital experience. Uploaded photos of car dent and claim approved within 3 hours. Regarding my comprehensive coverage. Very pleased.,5,1
My claim was settled very fast and the support team was genuinely helpful throughout. Regarding my health policy. Will renew for sure.,5,1
Surveyor took two weeks to inspect vehicle damage and reported inaccurate assessment. Applied for my health policy. Extremely disappointed.,1,0
Fraudulent claim investigation opened against legitimate collision damage. Harassment! Applied for my health policy. Completely unacceptable.,2,0
Surveyor took two weeks to inspect vehicle damage and reported inaccurate assessment. Applied for my comprehensive coverage. Worst experience.,2,0
My claim was settled very fast and the support team was genuinely helpful throughout. Regarding my motor insurance. Great job!,4,1
Cashless hospital network was rejected at hospital admission. Had to pay from my pocket. Applied for my term insurance. Avoid this company.,1,0
Transparent claim verification and fast payout. Best insurance experience I have had so far. Regarding my motor insurance. Thank you team.,5,1
Rude and unhelpful support staff. Kept asking for same documents repeatedly. Applied for my family floater plan. Completely unacceptable.,2,0
Terrible experience. Customer support keeps putting me on hold and never returns calls. Applied for my motor insurance. Zero stars.,2,0
Roadside assistance arrived within 25 minutes after my car broke down on highway. Impressive! Regarding my health policy. 10/10 service.,4,1
Waited 3 months with no response. Worst customer service ever encountered. Applied for my bike insurance. Worst experience.,2,0
Third party claim settled without any disputes or delays. Very satisfied with the service. Regarding my family floater plan. Will renew for sure.,5,1
Surveyor took two weeks to inspect vehicle damage and reported inaccurate assessment. Applied for my comprehensive coverage. Total waste of money.,1,0
Hidden deductibles and co-pay percentages that were never disclosed at time of purchase. Applied for my car policy. Extremely disappointed.,1,0
Third party claim settled without any disputes or delays. Very satisfied with the service. Regarding my family floater plan. 10/10 service.,4,1
"Customer care officer was polite, patient, and solved my policy renewal query in minutes. Regarding my motor insurance. Very pleased.",4,1
Great digital experience. Uploaded photos of car dent and claim approved within 3 hours. Regarding my term insurance. Great job!,4,1
Fraudulent claim investigation opened against legitimate collision damage. Harassment! Applied for my car policy. Extremely disappointed.,2,0
Great digital experience. Uploaded photos of car dent and claim approved within 3 hours. Regarding my bike insurance. Really impressed.,5,1
Fair premium quotes and comprehensive health coverage with no hidden clauses. Regarding my comprehensive coverage. Outstanding work.,4,1
Great digital experience. Uploaded photos of car dent and claim approved within 3 hours. Regarding my motor insurance. Outstanding work.,4,1
Claim rejected without any clear explanation after paying premiums diligently for 4 years. Applied for my family floater plan. Completely unacceptable.,2,0
Claim rejected without any clear explanation after paying premiums diligently for 4 years. Applied for my health policy. Avoid this company.,1,0
Transparent claim verification and fast payout. Best insurance experience I have had so far. Regarding my comprehensive coverage. 10/10 service.,5,1
Waited 3 months with no response. Worst customer service ever encountered. Applied for my motor insurance. Zero stars.,1,0
Extremely high renewal premium hike without any filed claims or medical history change. Applied for my health policy. Total waste of money.,1,0
Extremely high renewal premium hike without any filed claims or medical history change. Applied for my term insurance. Worst experience.,2,0
Waited 3 months with no response. Worst customer service ever encountered. Applied for my family floater plan. Extremely disappointed.,2,0
Terrible experience. Customer support keeps putting me on hold and never returns calls. Applied for my term insurance. Disastrous service.,2,0
My claim was settled very fast and the support team was genuinely helpful throughout. Regarding my family floater plan. Very pleased.,5,1
Fraudulent claim investigation opened against legitimate collision damage. Harassment! Applied for my motor insurance. Completely unacceptable.,2,0
Rude and unhelpful support staff. Kept asking for same documents repeatedly. Applied for my term insurance. Completely unacceptable.,1,0
Claim officer guided me through all required documentation step by step. Very professional. Regarding my comprehensive coverage. Outstanding work.,5,1
Surveyor took two weeks to inspect vehicle damage and reported inaccurate assessment. Applied for my bike insurance. Never purchasing again.,1,0
Extremely high renewal premium hike without any filed claims or medical history change. Applied for my health policy. Disastrous service.,1,0
Terrible experience. Customer support keeps putting me on hold and never returns calls. Applied for my bike insurance. Total waste of money.,2,0
Claim officer guided me through all required documentation step by step. Very professional. Regarding my family floater plan. Great job!,4,1
Rude and unhelpful support staff. Kept asking for same documents repeatedly. Applied for my health policy. Avoid this company.,2,0
Rude and unhelpful support staff. Kept asking for same documents repeatedly. Applied for my term insurance. Never purchasing again.,2,0
App crashes constantly while uploading accident damage photos. Very frustrating interface. Applied for my term insurance. Extremely disappointed.,2,0
Extremely high renewal premium hike without any filed claims or medical history change. Applied for my family floater plan. Total waste of money.,1,0
Cashless hospital network was rejected at hospital admission. Had to pay from my pocket. Applied for my car policy. Avoid this company.,1,0
"Customer care officer was polite, patient, and solved my policy renewal query in minutes. Regarding my car policy. 10/10 service.",4,1
Quick approval for windshield replacement. No unnecessary questions asked. Regarding my health policy. Smooth process.,5,1
Terrible experience. Customer support keeps putting me on hold and never returns calls. Applied for my term insurance. Avoid this company.,2,0
Extremely high renewal premium hike without any filed claims or medical history change. Applied for my family floater plan. Never purchasing again.,1,0
My claim was settled very fast and the support team was genuinely helpful throughout. Regarding my term insurance. 10/10 service.,5,1
Excellent experience with InsureAI! The reimbursement was credited in just 2 days. Regarding my comprehensive coverage. Very pleased.,4,1
Affordable health insurance plan for senior citizens with extensive hospital network. Regarding my health policy. Very pleased.,4,1
Cashless hospital network was rejected at hospital admission. Had to pay from my pocket. Applied for my car policy. Worst experience.,2,0
Transparent claim verification and fast payout. Best insurance experience I have had so far. Regarding my motor insurance. Thank you team.,5,1
Rude and unhelpful support staff. Kept asking for same documents repeatedly. Applied for my car policy. Total waste of money.,2,0
My claim was settled very fast and the support team was genuinely helpful throughout. Regarding my family floater plan. Outstanding work.,4,1
Surveyor took two weeks to inspect vehicle damage and reported inaccurate assessment. Applied for my motor insurance. Completely unacceptable.,1,0
Quick approval for windshield replacement. No unnecessary questions asked. Regarding my health policy. Will renew for sure.,4,1
Claim officer guided me through all required documentation step by step. Very professional. Regarding my car policy. Smooth process.,4,1
Cashless hospitalization process was totally hassle-free. Hospital desk handled everything smoothly. Regarding my family floater plan. Smooth process.,4,1
Fair premium quotes and comprehensive health coverage with no hidden clauses. Regarding my car policy. Will renew for sure.,5,1
Cashless hospital network was rejected at hospital admission. Had to pay from my pocket. Applied for my comprehensive coverage. Disastrous service.,1,0
Delayed reimbursement for emergency treatment by over 60 days. Pathetic follow-up. Applied for my motor insurance. Avoid this company.,2,0
Roadside assistance arrived within 25 minutes after my car broke down on highway. Impressive! Regarding my term insurance. Really impressed.,5,1
Very easy claim filing process through the mobile app. Highly recommend this insurance provider. Regarding my bike insurance. Outstanding work.,5,1
Third party claim settled without any disputes or delays. Very satisfied with the service. Regarding my health policy. Really impressed.,4,1
Third party claim settled without any disputes or delays. Very satisfied with the service. Regarding my family floater plan. 10/10 service.,4,1
Excellent experience with InsureAI! The reimbursement was credited in just 2 days. Regarding my bike insurance. Very pleased.,5,1
Very easy claim filing process through the mobile app. Highly recommend this insurance provider. Regarding my family floater plan. Really impressed.,4,1
Claim rejected without any clear explanation after paying premiums diligently for 4 years. Applied for my motor insurance. Disastrous service.,2,0
Terrible experience. Customer support keeps putting me on hold and never returns calls. Applied for my bike insurance. Zero stars.,1,0
Cashless hospitalization process was totally hassle-free. Hospital desk handled everything smoothly. Regarding my comprehensive coverage. 10/10 service.,4,1
Third party claim settled without any disputes or delays. Very satisfied with the service. Regarding my bike insurance. Great job!,4,1
Fair premium quotes and comprehensive health coverage with no hidden clauses. Regarding my bike insurance. Will renew for sure.,5,1
Transparent claim verification and fast payout. Best insurance experience I have had so far. Regarding my motor insurance. Very pleased.,5,1
Prompt response on chat support. All my queries regarding deductible were clarified clearly. Regarding my car policy. Great job!,4,1
Claim officer guided me through all required documentation step by step. Very professional. Regarding my health policy. Thank you team.,5,1
Extremely high renewal premium hike without any filed claims or medical history change. Applied for my bike insurance. Total waste of money.,2,0
Hidden deductibles and co-pay percentages that were never disclosed at time of purchase. Applied for my car policy. Completely unacceptable.,1,0
Transparent claim verification and fast payout. Best insurance experience I have had so far. Regarding my comprehensive coverage. 10/10 service.,4,1
App crashes constantly while uploading accident damage photos. Very frustrating interface. Applied for my motor insurance. Zero stars.,1,0
Surveyor took two weeks to inspect vehicle damage and reported inaccurate assessment. Applied for my family floater plan. Avoid this company.,1,0
Rude and unhelpful support staff. Kept asking for same documents repeatedly. Applied for my health policy. Avoid this company.,1,0
Terrible experience. Customer support keeps putting me on hold and never returns calls. Applied for my health policy. Zero stars.,1,0
Affordable health insurance plan for senior citizens with extensive hospital network. Regarding my term insurance. Very pleased.,5,1
Great digital experience. Uploaded photos of car dent and claim approved within 3 hours. Regarding my health policy. Will renew for sure.,5,1
Prompt response on chat support. All my queries regarding deductible were clarified clearly. Regarding my family floater plan. Great job!,5,1
My claim was settled very fast and the support team was genuinely helpful throughout. Regarding my car policy. Smooth process.,5,1
"Customer care officer was polite, patient, and solved my policy renewal query in minutes. Regarding my bike insurance. Thank you team.",5,1
Third party claim settled without any disputes or delays. Very satisfied with the service. Regarding my term insurance. Thank you team.,4,1
App crashes constantly while uploading accident damage photos. Very frustrating interface. Applied for my motor insurance. Total waste of money.,2,0
Terrible experience. Customer support keeps putting me on hold and never returns calls. Applied for my health policy. Completely unacceptable.,1,0
Very easy claim filing process through the mobile app. Highly recommend this insurance provider. Regarding my family floater plan. Thank you team.,5,1
My claim was settled very fast and the support team was genuinely helpful throughout. Regarding my health policy. Smooth process.,4,1
Fraudulent claim investigation opened against legitimate collision damage. Harassment! Applied for my health policy. Zero stars.,2,0
Quick approval for windshield replacement. No unnecessary questions asked. Regarding my family floater plan. Great job!,5,1
Surveyor took two weeks to inspect vehicle damage and reported inaccurate assessment. Applied for my bike insurance. Completely unacceptable.,2,0
Prompt response on chat support. All my queries regarding deductible were clarified clearly. Regarding my bike insurance. Will renew for sure.,4,1
Surveyor took two weeks to inspect vehicle damage and reported inaccurate assessment. Applied for my bike insurance. Completely unacceptable.,1,0
Claim rejected without any clear explanation after paying premiums diligently for 4 years. Applied for my comprehensive coverage. Zero stars.,2,0
My claim was settled very fast and the support team was genuinely helpful throughout. Regarding my health policy. Thank you team.,5,1
My claim was settled very fast and the support team was genuinely helpful throughout. Regarding my motor insurance. Outstanding work.,5,1
Renewal process is so simple and discounts for claim-free years are very attractive. Regarding my health policy. 10/10 service.,4,1
Quick approval for windshield replacement. No unnecessary questions asked. Regarding my car policy. Smooth process.,5,1
Excellent experience with InsureAI! The reimbursement was credited in just 2 days. Regarding my comprehensive coverage. Will renew for sure.,4,1
Cashless hospitalization process was totally hassle-free. Hospital desk handled everything smoothly. Regarding my comprehensive coverage. Outstanding work.,4,1
Extremely high renewal premium hike without any filed claims or medical history change. Applied for my car policy. Worst experience.,2,0
Prompt response on chat support. All my queries regarding deductible were clarified clearly. Regarding my bike insurance. Will renew for sure.,4,1
Surveyor took two weeks to inspect vehicle damage and reported inaccurate assessment. Applied for my comprehensive coverage. Avoid this company.,2,0
They deducted 40 percent of my claim amount citing obscure clauses not mentioned earlier. Applied for my car policy. Total waste of money.,2,0
Transparent claim verification and fast payout. Best insurance experience I have had so far. Regarding my comprehensive coverage. Will renew for sure.,5,1
Delayed reimbursement for emergency treatment by over 60 days. Pathetic follow-up. Applied for my bike insurance. Avoid this company.,1,0
They deducted 40 percent of my claim amount citing obscure clauses not mentioned earlier. Applied for my car policy. Worst experience.,2,0
Poor communication from claim department. Status stayed under review for weeks. Applied for my term insurance. Zero stars.,2,0
Cashless hospitalization process was totally hassle-free. Hospital desk handled everything smoothly. Regarding my bike insurance. Outstanding work.,4,1
Very easy claim filing process through the mobile app. Highly recommend this insurance provider. Regarding my car policy. Great job!,5,1
App crashes constantly while uploading accident damage photos. Very frustrating interface. Applied for my term insurance. Avoid this company.,2,0
Claim rejected without any clear explanation after paying premiums diligently for 4 years. Applied for my term insurance. Completely unacceptable.,1,0
Claim rejected without any clear explanation after paying premiums diligently for 4 years. Applied for my family floater plan. Never purchasing again.,2,0
Roadside assistance arrived within 25 minutes after my car broke down on highway. Impressive! Regarding my family floater plan. Very pleased.,5,1
Extremely high renewal premium hike without any filed claims or medical history change. Applied for my term insurance. Completely unacceptable.,2,0
They deducted 40 percent of my claim amount citing obscure clauses not mentioned earlier. Applied for my comprehensive coverage. Disastrous service.,1,0
Affordable health insurance plan for senior citizens with extensive hospital network. Regarding my comprehensive coverage. Smooth process.,4,1
Transparent claim verification and fast payout. Best insurance experience I have had so far. Regarding my term insurance. 10/10 service.,4,1
Renewal process is so simple and discounts for claim-free years are very attractive. Regarding my car policy. Thank you team.,5,1
Third party claim settled without any disputes or delays. Very satisfied with the service. Regarding my car policy. 10/10 service.,4,1
Extremely high renewal premium hike without any filed claims or medical history change. Applied for my comprehensive coverage. Never purchasing again.,2,0
They deducted 40 percent of my claim amount citing obscure clauses not mentioned earlier. Applied for my car policy. Avoid this company.,2,0
My claim was settled very fast and the support team was genuinely helpful throughout. Regarding my car policy. Will renew for sure.,4,1
Extremely high renewal premium hike without any filed claims or medical history change. Applied for my health policy. Avoid this company.,2,0
Dispute resolution process is a complete nightmare. Nobody takes accountability. Applied for my term insurance. Total waste of money.,2,0
Great digital experience. Uploaded photos of car dent and claim approved within 3 hours. Regarding my car policy. Thank you team.,4,1
Surveyor took two weeks to inspect vehicle damage and reported inaccurate assessment. Applied for my car policy. Worst experience.,1,0
Cashless hospitalization process was totally hassle-free. Hospital desk handled everything smoothly. Regarding my bike insurance. Smooth process.,5,1
Terrible experience. Customer support keeps putting me on hold and never returns calls. Applied for my bike insurance. Avoid this company.,1,0
Hidden deductibles and co-pay percentages that were never disclosed at time of purchase. Applied for my comprehensive coverage. Disastrous service.,1,0
Roadside assistance arrived within 25 minutes after my car broke down on highway. Impressive! Regarding my family floater plan. Great job!,4,1
App crashes constantly while uploading accident damage photos. Very frustrating interface. Applied for my motor insurance. Total waste of money.,2,0
Very easy claim filing process through the mobile app. Highly recommend this insurance provider. Regarding my health policy. 10/10 service.,5,1
App crashes constantly while uploading accident damage photos. Very frustrating interface. Applied for my term insurance. Never purchasing again.,1,0
Very easy claim filing process through the mobile app. Highly recommend this insurance provider. Regarding my comprehensive coverage. 10/10 service.,5,1
Affordable health insurance plan for senior citizens with extensive hospital network. Regarding my car policy. Really impressed.,4,1
Third party claim settled without any disputes or delays. Very satisfied with the service. Regarding my car policy. Really impressed.,4,1
Claim rejected without any clear explanation after paying premiums diligently for 4 years. Applied for my car policy. Completely unacceptable.,1,0
Fair premium quotes and comprehensive health coverage with no hidden clauses. Regarding my car policy. Thank you team.,5,1
Surveyor took two weeks to inspect vehicle damage and reported inaccurate assessment. Applied for my comprehensive coverage. Completely unacceptable.,1,0
Fraudulent claim investigation opened against legitimate collision damage. Harassment! Applied for my comprehensive coverage. Zero stars.,1,0
Terrible experience. Customer support keeps putting me on hold and never returns calls. Applied for my car policy. Total waste of money.,1,0
Hidden deductibles and co-pay percentages that were never disclosed at time of purchase. Applied for my comprehensive coverage. Worst experience.,1,0
Misleading policy benefits sold by agent. Critical illness coverage had hidden sub-limits. Applied for my car policy. Disastrous service.,1,0
Cashless hospitalization process was totally hassle-free. Hospital desk handled everything smoothly. Regarding my comprehensive coverage. Great job!,4,1
Hidden deductibles and co-pay percentages that were never disclosed at time of purchase. Applied for my bike insurance. Disastrous service.,2,0
They deducted 40 percent of my claim amount citing obscure clauses not mentioned earlier. Applied for my comprehensive coverage. Total waste of money.,2,0
Misleading policy benefits sold by agent. Critical illness coverage had hidden sub-limits. Applied for my bike insurance. Zero stars.,2,0
Delayed reimbursement for emergency treatment by over 60 days. Pathetic follow-up. Applied for my car policy. Total waste of money.,1,0
Hidden deductibles and co-pay percentages that were never disclosed at time of purchase. Applied for my term insurance. Disastrous service.,2,0
Cashless hospitalization process was totally hassle-free. Hospital desk handled everything smoothly. Regarding my comprehensive coverage. Thank you team.,5,1
Very easy claim filing process through the mobile app. Highly recommend this insurance provider. Regarding my car policy. Great job!,4,1
Hidden deductibles and co-pay percentages that were never disclosed at time of purchase. Applied for my family floater plan. Never purchasing again.,1,0
Claim officer guided me through all required documentation step by step. Very professional. Regarding my motor insurance. Thank you team.,4,1
Renewal process is so simple and discounts for claim-free years are very attractive. Regarding my term insurance. Will renew for sure.,4,1
Rude and unhelpful support staff. Kept asking for same documents repeatedly. Applied for my car policy. Extremely disappointed.,1,0
Rude and unhelpful support staff. Kept asking for same documents repeatedly. Applied for my comprehensive coverage. Extremely disappointed.,2,0
Extremely high renewal premium hike without any filed claims or medical history change. Applied for my car policy. Disastrous service.,2,0
Dispute resolution process is a complete nightmare. Nobody takes accountability. Applied for my motor insurance. Zero stars.,1,0
My claim was settled very fast and the support team was genuinely helpful throughout. Regarding my car policy. Will renew for sure.,5,1
Prompt response on chat support. All my queries regarding deductible were clarified clearly. Regarding my term insurance. 10/10 service.,5,1
Terrible experience. Customer support keeps putting me on hold and never returns calls. Applied for my health policy. Worst experience.,2,0
Waited 3 months with no response. Worst customer service ever encountered. Applied for my motor insurance. Worst experience.,1,0
Affordable health insurance plan for senior citizens with extensive hospital network. Regarding my health policy. Will renew for sure.,5,1
Very easy claim filing process through the mobile app. Highly recommend this insurance provider. Regarding my motor insurance. 10/10 service.,5,1
Extremely high renewal premium hike without any filed claims or medical history change. Applied for my term insurance. Completely unacceptable.,1,0
Transparent claim verification and fast payout. Best insurance experience I have had so far. Regarding my bike insurance. Very pleased.,5,1
Third party claim settled without any disputes or delays. Very satisfied with the service. Regarding my comprehensive coverage. Very pleased.,5,1
"Customer care officer was polite, patient, and solved my policy renewal query in minutes. Regarding my comprehensive coverage. Great job!",5,1
Transparent claim verification and fast payout. Best insurance experience I have had so far. Regarding my bike insurance. Very pleased.,5,1
Claim officer guided me through all required documentation step by step. Very professional. Regarding my health policy. Thank you team.,4,1
Very easy claim filing process through the mobile app. Highly recommend this insurance provider. Regarding my car policy. Outstanding work.,5,1
Terrible experience. Customer support keeps putting me on hold and never returns calls. Applied for my family floater plan. Extremely disappointed.,1,0
Great digital experience. Uploaded photos of car dent and claim approved within 3 hours. Regarding my family floater plan. Great job!,5,1
Third party claim settled without any disputes or delays. Very satisfied with the service. Regarding my comprehensive coverage. Thank you team.,5,1
They deducted 40 percent of my claim amount citing obscure clauses not mentioned earlier. Applied for my health policy. Never purchasing again.,1,0
Roadside assistance arrived within 25 minutes after my car broke down on highway. Impressive! Regarding my term insurance. Outstanding work.,5,1
Claim officer guided me through all required documentation step by step. Very professional. Regarding my health policy. Smooth process.,5,1
Prompt response on chat support. All my queries regarding deductible were clarified clearly. Regarding my comprehensive coverage. Outstanding work.,5,1
Roadside assistance arrived within 25 minutes after my car broke down on highway. Impressive! Regarding my bike insurance. Very pleased.,5,1
Hidden deductibles and co-pay percentages that were never disclosed at time of purchase. Applied for my health policy. Total waste of money.,2,0
Very easy claim filing process through the mobile app. Highly recommend this insurance provider. Regarding my motor insurance. Smooth process.,5,1
Cashless hospitalization process was totally hassle-free. Hospital desk handled everything smoothly. Regarding my bike insurance. Great job!,4,1
Prompt response on chat support. All my queries regarding deductible were clarified clearly. Regarding my bike insurance. Really impressed.,5,1
Fair premium quotes and comprehensive health coverage with no hidden clauses. Regarding my car policy. Smooth process.,4,1
Excellent experience with InsureAI! The reimbursement was credited in just 2 days. Regarding my term insurance. Really impressed.,4,1
Roadside assistance arrived within 25 minutes after my car broke down on highway. Impressive! Regarding my car policy. Outstanding work.,5,1
Hidden deductibles and co-pay percentages that were never disclosed at time of purchase. Applied for my car policy. Extremely disappointed.,2,0
Terrible experience. Customer support keeps putting me on hold and never returns calls. Applied for my health policy. Completely unacceptable.,1,0
Transparent claim verification and fast payout. Best insurance experience I have had so far. Regarding my motor insurance. Really impressed.,5,1
Roadside assistance arrived within 25 minutes after my car broke down on highway. Impressive! Regarding my bike insurance. Smooth process.,4,1
Rude and unhelpful support staff. Kept asking for same documents repeatedly. Applied for my family floater plan. Never purchasing again.,1,0
Surveyor took two weeks to inspect vehicle damage and reported inaccurate assessment. Applied for my term insurance. Extremely disappointed.,1,0
Surveyor took two weeks to inspect vehicle damage and reported inaccurate assessment. Applied for my comprehensive coverage. Extremely disappointed.,2,0
Roadside assistance arrived within 25 minutes after my car broke down on highway. Impressive! Regarding my family floater plan. 10/10 service.,5,1
Claim officer guided me through all required documentation step by step. Very professional. Regarding my family floater plan. Great job!,5,1
Prompt response on chat support. All my queries regarding deductible were clarified clearly. Regarding my car policy. Outstanding work.,4,1
Prompt response on chat support. All my queries regarding deductible were clarified clearly. Regarding my family floater plan. Will renew for sure.,4,1
Waited 3 months with no response. Worst customer service ever encountered. Applied for my health policy. Avoid this company.,1,0
Fraudulent claim investigation opened against legitimate collision damage. Harassment! Applied for my family floater plan. Worst experience.,1,0
Hidden deductibles and co-pay percentages that were never disclosed at time of purchase. Applied for my comprehensive coverage. Never purchasing again.,1,0
Quick approval for windshield replacement. No unnecessary questions asked. Regarding my family floater plan. Great job!,5,1
They deducted 40 percent of my claim amount citing obscure clauses not mentioned earlier. Applied for my bike insurance. Total waste of money.,1,0
Renewal process is so simple and discounts for claim-free years are very attractive. Regarding my health policy. Great job!,5,1
Rude and unhelpful support staff. Kept asking for same documents repeatedly. Applied for my bike insurance. Total waste of money.,1,0
Delayed reimbursement for emergency treatment by over 60 days. Pathetic follow-up. Applied for my motor insurance. Completely unacceptable.,1,0
App crashes constantly while uploading accident damage photos. Very frustrating interface. Applied for my comprehensive coverage. Avoid this company.,1,0
Great digital experience. Uploaded photos of car dent and claim approved within 3 hours. Regarding my bike insurance. Outstanding work.,4,1
Hidden deductibles and co-pay percentages that were never disclosed at time of purchase. Applied for my motor insurance. Completely unacceptable.,2,0
"Customer care officer was polite, patient, and solved my policy renewal query in minutes. Regarding my motor insurance. 10/10 service.",5,1
Waited 3 months with no response. Worst customer service ever encountered. Applied for my family floater plan. Worst experience.,1,0
Very easy claim filing process through the mobile app. Highly recommend this insurance provider. Regarding my comprehensive coverage. Really impressed.,4,1
Cashless hospitalization process was totally hassle-free. Hospital desk handled everything smoothly. Regarding my motor insurance. Very pleased.,4,1
Delayed reimbursement for emergency treatment by over 60 days. Pathetic follow-up. Applied for my car policy. Extremely disappointed.,1,0
Dispute resolution process is a complete nightmare. Nobody takes accountability. Applied for my comprehensive coverage. Zero stars.,2,0
Cashless hospitalization process was totally hassle-free. Hospital desk handled everything smoothly. Regarding my motor insurance. Smooth process.,5,1
They deducted 40 percent of my claim amount citing obscure clauses not mentioned earlier. Applied for my car policy. Worst experience.,2,0
Transparent claim verification and fast payout. Best insurance experience I have had so far. Regarding my term insurance. Really impressed.,5,1
Dispute resolution process is a complete nightmare. Nobody takes accountability. Applied for my bike insurance. Worst experience.,2,0
Fraudulent claim investigation opened against legitimate collision damage. Harassment! Applied for my motor insurance. Avoid this company.,1,0
Misleading policy benefits sold by agent. Critical illness coverage had hidden sub-limits. Applied for my motor insurance. Zero stars.,2,0
Terrible experience. Customer support keeps putting me on hold and never returns calls. Applied for my motor insurance. Worst experience.,2,0
Renewal process is so simple and discounts for claim-free years are very attractive. Regarding my bike insurance. Will renew for sure.,5,1
Cashless hospital network was rejected at hospital admission. Had to pay from my pocket. Applied for my bike insurance. Completely unacceptable.,1,0
Terrible experience. Customer support keeps putting me on hold and never returns calls. Applied for my bike insurance. Completely unacceptable.,1,0
My claim was settled very fast and the support team was genuinely helpful throughout. Regarding my bike insurance. 10/10 service.,5,1
My claim was settled very fast and the support team was genuinely helpful throughout. Regarding my motor insurance. Smooth process.,4,1
Affordable health insurance plan for senior citizens with extensive hospital network. Regarding my term insurance. Outstanding work.,5,1
Transparent claim verification and fast payout. Best insurance experience I have had so far. Regarding my motor insurance. Outstanding work.,4,1
Cashless hospital network was rejected at hospital admission. Had to pay from my pocket. Applied for my motor insurance. Total waste of money.,2,0
Excellent experience with InsureAI! The reimbursement was credited in just 2 days. Regarding my health policy. Very pleased.,4,1
Third party claim settled without any disputes or delays. Very satisfied with the service. Regarding my car policy. Very pleased.,4,1
Roadside assistance arrived within 25 minutes after my car broke down on highway. Impressive! Regarding my health policy. Will renew for sure.,5,1
Claim rejected without any clear explanation after paying premiums diligently for 4 years. Applied for my comprehensive coverage. Zero stars.,2,0
Delayed reimbursement for emergency treatment by over 60 days. Pathetic follow-up. Applied for my term insurance. Total waste of money.,2,0
They deducted 40 percent of my claim amount citing obscure clauses not mentioned earlier. Applied for my motor insurance. Never purchasing again.,1,0
Hidden deductibles and co-pay percentages that were never disclosed at time of purchase. Applied for my car policy. Avoid this company.,1,0
Surveyor took two weeks to inspect vehicle damage and reported inaccurate assessment. Applied for my comprehensive coverage. Total waste of money.,1,0
Roadside assistance arrived within 25 minutes after my car broke down on highway. Impressive! Regarding my motor insurance. Outstanding work.,5,1
Renewal process is so simple and discounts for claim-free years are very attractive. Regarding my bike insurance. Really impressed.,4,1
"Customer care officer was polite, patient, and solved my policy renewal query in minutes. Regarding my comprehensive coverage. Very pleased.",4,1
Transparent claim verification and fast payout. Best insurance experience I have had so far. Regarding my term insurance. Smooth process.,4,1
"Customer care officer was polite, patient, and solved my policy renewal query in minutes. Regarding my comprehensive coverage. 10/10 service.",4,1
Renewal process is so simple and discounts for claim-free years are very attractive. Regarding my bike insurance. Outstanding work.,5,1
Misleading policy benefits sold by agent. Critical illness coverage had hidden sub-limits. Applied for my car policy. Never purchasing again.,1,0
Surveyor took two weeks to inspect vehicle damage and reported inaccurate assessment. Applied for my motor insurance. Zero stars.,2,0
Renewal process is so simple and discounts for claim-free years are very attractive. Regarding my bike insurance. Will renew for sure.,5,1
Affordable health insurance plan for senior citizens with extensive hospital network. Regarding my term insurance. 10/10 service.,5,1
Fair premium quotes and comprehensive health coverage with no hidden clauses. Regarding my family floater plan. Great job!,4,1
Extremely high renewal premium hike without any filed claims or medical history change. Applied for my health policy. Disastrous service.,2,0
Excellent experience with InsureAI! The reimbursement was credited in just 2 days. Regarding my bike insurance. Very pleased.,5,1
Surveyor took two weeks to inspect vehicle damage and reported inaccurate assessment. Applied for my bike insurance. Extremely disappointed.,1,0
Third party claim settled without any disputes or delays. Very satisfied with the service. Regarding my comprehensive coverage. Will renew for sure.,5,1
My claim was settled very fast and the support team was genuinely helpful throughout. Regarding my bike insurance. 10/10 service.,4,1
App crashes constantly while uploading accident damage photos. Very frustrating interface. Applied for my term insurance. Completely unacceptable.,2,0
Affordable health insurance plan for senior citizens with extensive hospital network. Regarding my health policy. Smooth process.,4,1
Misleading policy benefits sold by agent. Critical illness coverage had hidden sub-limits. Applied for my motor insurance. Zero stars.,2,0
Cashless hospitalization process was totally hassle-free. Hospital desk handled everything smoothly. Regarding my car policy. Thank you team.,5,1
App crashes constantly while uploading accident damage photos. Very frustrating interface. Applied for my term insurance. Zero stars.,2,0
Extremely high renewal premium hike without any filed claims or medical history change. Applied for my motor insurance. Total waste of money.,2,0
Great digital experience. Uploaded photos of car dent and claim approved within 3 hours. Regarding my bike insurance. Thank you team.,4,1
Hidden deductibles and co-pay percentages that were never disclosed at time of purchase. Applied for my motor insurance. Completely unacceptable.,2,0
Transparent claim verification and fast payout. Best insurance experience I have had so far. Regarding my comprehensive coverage. Smooth process.,5,1
Third party claim settled without any disputes or delays. Very satisfied with the service. Regarding my family floater plan. Smooth process.,5,1
Dispute resolution process is a complete nightmare. Nobody takes accountability. Applied for my bike insurance. Avoid this company.,2,0
Fraudulent claim investigation opened against legitimate collision damage. Harassment! Applied for my health policy. Completely unacceptable.,1,0
Fair premium quotes and comprehensive health coverage with no hidden clauses. Regarding my comprehensive coverage. Will renew for sure.,4,1
Transparent claim verification and fast payout. Best insurance experience I have had so far. Regarding my car policy. Really impressed.,5,1
My claim was settled very fast and the support team was genuinely helpful throughout. Regarding my term insurance. Smooth process.,4,1
My claim was settled very fast and the support team was genuinely helpful throughout. Regarding my bike insurance. 10/10 service.,4,1
Hidden deductibles and co-pay percentages that were never disclosed at time of purchase. Applied for my car policy. Disastrous service.,1,0
Rude and unhelpful support staff. Kept asking for same documents repeatedly. Applied for my comprehensive coverage. Extremely disappointed.,1,0
Hidden deductibles and co-pay percentages that were never disclosed at time of purchase. Applied for my health policy. Never purchasing again.,2,0
Excellent experience with InsureAI! The reimbursement was credited in just 2 days. Regarding my car policy. Will renew for sure.,4,1
Poor communication from claim department. Status stayed under review for weeks. Applied for my car policy. Total waste of money.,1,0
Misleading policy benefits sold by agent. Critical illness coverage had hidden sub-limits. Applied for my bike insurance. Zero stars.,2,0
Rude and unhelpful support staff. Kept asking for same documents repeatedly. Applied for my health policy. Never purchasing again.,2,0
Dispute resolution process is a complete nightmare. Nobody takes accountability. Applied for my bike insurance. Worst experience.,2,0
Third party claim settled without any disputes or delays. Very satisfied with the service. Regarding my bike insurance. Smooth process.,4,1
Cashless hospitalization process was totally hassle-free. Hospital desk handled everything smoothly. Regarding my motor insurance. 10/10 service.,4,1
"Customer care officer was polite, patient, and solved my policy renewal query in minutes. Regarding my car policy. Thank you team.",4,1
Quick approval for windshield replacement. No unnecessary questions asked. Regarding my bike insurance. Great job!,5,1
Dispute resolution process is a complete nightmare. Nobody takes accountability. Applied for my health policy. Never purchasing again.,2,0
Quick approval for windshield replacement. No unnecessary questions asked. Regarding my family floater plan. Really impressed.,4,1
Hidden deductibles and co-pay percentages that were never disclosed at time of purchase. Applied for my health policy. Worst experience.,1,0
Extremely high renewal premium hike without any filed claims or medical history change. Applied for my family floater plan. Never purchasing again.,1,0
Great digital experience. Uploaded photos of car dent and claim approved within 3 hours. Regarding my term insurance. 10/10 service.,5,1
Claim officer guided me through all required documentation step by step. Very professional. Regarding my term insurance. Thank you team.,5,1
Transparent claim verification and fast payout. Best insurance experience I have had so far. Regarding my comprehensive coverage. Smooth process.,4,1
Very easy claim filing process through the mobile app. Highly recommend this insurance provider. Regarding my term insurance. Really impressed.,5,1
Misleading policy benefits sold by agent. Critical illness coverage had hidden sub-limits. Applied for my motor insurance. Zero stars.,1,0
Fraudulent claim investigation opened against legitimate collision damage. Harassment! Applied for my motor insurance. Completely unacceptable.,1,0
They deducted 40 percent of my claim amount citing obscure clauses not mentioned earlier. Applied for my term insurance. Extremely disappointed.,2,0
My claim was settled very fast and the support team was genuinely helpful throughout. Regarding my car policy. Thank you team.,5,1
Cashless hospital network was rejected at hospital admission. Had to pay from my pocket. Applied for my health policy. Avoid this company.,1,0
Affordable health insurance plan for senior citizens with extensive hospital network. Regarding my family floater plan. Outstanding work.,4,1
Poor communication from claim department. Status stayed under review for weeks. Applied for my term insurance. Extremely disappointed.,1,0
Dispute resolution process is a complete nightmare. Nobody takes accountability. Applied for my family floater plan. Avoid this company.,2,0
Excellent experience with InsureAI! The reimbursement was credited in just 2 days. Regarding my comprehensive coverage. Outstanding work.,4,1
Fraudulent claim investigation opened against legitimate collision damage. Harassment! Applied for my term insurance. Zero stars.,2,0
Third party claim settled without any disputes or delays. Very satisfied with the service. Regarding my health policy. 10/10 service.,4,1
Dispute resolution process is a complete nightmare. Nobody takes accountability. Applied for my term insurance. Completely unacceptable.,2,0
They deducted 40 percent of my claim amount citing obscure clauses not mentioned earlier. Applied for my term insurance. Completely unacceptable.,2,0
Renewal process is so simple and discounts for claim-free years are very attractive. Regarding my health policy. Really impressed.,5,1
Claim rejected without any clear explanation after paying premiums diligently for 4 years. Applied for my term insurance. Completely unacceptable.,2,0
Excellent experience with InsureAI! The reimbursement was credited in just 2 days. Regarding my family floater plan. Will renew for sure.,5,1
Great digital experience. Uploaded photos of car dent and claim approved within 3 hours. Regarding my family floater plan. Smooth process.,5,1
Surveyor took two weeks to inspect vehicle damage and reported inaccurate assessment. Applied for my car policy. Zero stars.,2,0
Claim officer guided me through all required documentation step by step. Very professional. Regarding my term insurance. Smooth process.,4,1
Extremely high renewal premium hike without any filed claims or medical history change. Applied for my comprehensive coverage. Avoid this company.,2,0
Waited 3 months with no response. Worst customer service ever encountered. Applied for my family floater plan. Avoid this company.,1,0
Prompt response on chat support. All my queries regarding deductible were clarified clearly. Regarding my motor insurance. Really impressed.,4,1
App crashes constantly while uploading accident damage photos. Very frustrating interface. Applied for my family floater plan. Worst experience.,1,0
Poor communication from claim department. Status stayed under review for weeks. Applied for my family floater plan. Extremely disappointed.,2,0
"Customer care officer was polite, patient, and solved my policy renewal query in minutes. Regarding my bike insurance. Outstanding work.",5,1
Rude and unhelpful support staff. Kept asking for same documents repeatedly. Applied for my bike insurance. Extremely disappointed.,1,0
"Customer care officer was polite, patient, and solved my policy renewal query in minutes. Regarding my car policy. Smooth process.",4,1
Misleading policy benefits sold by agent. Critical illness coverage had hidden sub-limits. Applied for my family floater plan. Disastrous service.,1,0
App crashes constantly while uploading accident damage photos. Very frustrating interface. Applied for my family floater plan. Completely unacceptable.,1,0
Transparent claim verification and fast payout. Best insurance experience I have had so far. Regarding my comprehensive coverage. Really impressed.,4,1
My claim was settled very fast and the support team was genuinely helpful throughout. Regarding my health policy. Very pleased.,4,1
Great digital experience. Uploaded photos of car dent and claim approved within 3 hours. Regarding my comprehensive coverage. 10/10 service.,5,1
Fair premium quotes and comprehensive health coverage with no hidden clauses. Regarding my motor insurance. Great job!,5,1
Extremely high renewal premium hike without any filed claims or medical history change. Applied for my bike insurance. Extremely disappointed.,2,0
Poor communication from claim department. Status stayed under review for weeks. Applied for my motor insurance. Never purchasing again.,2,0
Great digital experience. Uploaded photos of car dent and claim approved within 3 hours. Regarding my family floater plan. Really impressed.,4,1
Poor communication from claim department. Status stayed under review for weeks. Applied for my term insurance. Disastrous service.,1,0
Hidden deductibles and co-pay percentages that were never disclosed at time of purchase. Applied for my car policy. Zero stars.,2,0
Roadside assistance arrived within 25 minutes after my car broke down on highway. Impressive! Regarding my family floater plan. Will renew for sure.,5,1
Delayed reimbursement for emergency treatment by over 60 days. Pathetic follow-up. Applied for my motor insurance. Completely unacceptable.,2,0
Fair premium quotes and comprehensive health coverage with no hidden clauses. Regarding my car policy. Outstanding work.,4,1
Claim rejected without any clear explanation after paying premiums diligently for 4 years. Applied for my car policy. Completely unacceptable.,1,0
Claim officer guided me through all required documentation step by step. Very professional. Regarding my motor insurance. Smooth process.,5,1
Misleading policy benefits sold by agent. Critical illness coverage had hidden sub-limits. Applied for my family floater plan. Extremely disappointed.,1,0
Prompt response on chat support. All my queries regarding deductible were clarified clearly. Regarding my family floater plan. 10/10 service.,4,1
Fraudulent claim investigation opened against legitimate collision damage. Harassment! Applied for my motor insurance. Worst experience.,2,0
Claim rejected without any clear explanation after paying premiums diligently for 4 years. Applied for my motor insurance. Worst experience.,2,0
Very easy claim filing process through the mobile app. Highly recommend this insurance provider. Regarding my health policy. 10/10 service.,5,1
Third party claim settled without any disputes or delays. Very satisfied with the service. Regarding my comprehensive coverage. Great job!,4,1
Prompt response on chat support. All my queries regarding deductible were clarified clearly. Regarding my family floater plan. Very pleased.,4,1
Quick approval for windshield replacement. No unnecessary questions asked. Regarding my bike insurance. Outstanding work.,4,1
Fraudulent claim investigation opened against legitimate collision damage. Harassment! Applied for my health policy. Extremely disappointed.,1,0
Excellent experience with InsureAI! The reimbursement was credited in just 2 days. Regarding my family floater plan. Very pleased.,5,1
Fraudulent claim investigation opened against legitimate collision damage. Harassment! Applied for my term insurance. Disastrous service.,2,0
They deducted 40 percent of my claim amount citing obscure clauses not mentioned earlier. Applied for my health policy. Extremely disappointed.,2,0
App crashes constantly while uploading accident damage photos. Very frustrating interface. Applied for my comprehensive coverage. Never purchasing again.,2,0
Dispute resolution process is a complete nightmare. Nobody takes accountability. Applied for my bike insurance. Zero stars.,1,0
Misleading policy benefits sold by agent. Critical illness coverage had hidden sub-limits. Applied for my motor insurance. Disastrous service.,2,0
Hidden deductibles and co-pay percentages that were never disclosed at time of purchase. Applied for my health policy. Completely unacceptable.,2,0
Third party claim settled without any disputes or delays. Very satisfied with the service. Regarding my car policy. Smooth process.,4,1
Very easy claim filing process through the mobile app. Highly recommend this insurance provider. Regarding my health policy. Really impressed.,4,1
Fair premium quotes and comprehensive health coverage with no hidden clauses. Regarding my car policy. Smooth process.,4,1
"Customer care officer was polite, patient, and solved my policy renewal query in minutes. Regarding my term insurance. Thank you team.",4,1
My claim was settled very fast and the support team was genuinely helpful throughout. Regarding my comprehensive coverage. Will renew for sure.,5,1
Extremely high renewal premium hike without any filed claims or medical history change. Applied for my comprehensive coverage. Extremely disappointed.,1,0
Quick approval for windshield replacement. No unnecessary questions asked. Regarding my bike insurance. Smooth process.,4,1
Waited 3 months with no response. Worst customer service ever encountered. Applied for my bike insurance. Extremely disappointed.,1,0
App crashes constantly while uploading accident damage photos. Very frustrating interface. Applied for my term insurance. Disastrous service.,1,0
Dispute resolution process is a complete nightmare. Nobody takes accountability. Applied for my family floater plan. Total waste of money.,1,0
Great digital experience. Uploaded photos of car dent and claim approved within 3 hours. Regarding my comprehensive coverage. Smooth process.,4,1
Affordable health insurance plan for senior citizens with extensive hospital network. Regarding my motor insurance. Really impressed.,5,1
Excellent experience with InsureAI! The reimbursement was credited in just 2 days. Regarding my family floater plan. Great job!,5,1
Terrible experience. Customer support keeps putting me on hold and never returns calls. Applied for my term insurance. Zero stars.,2,0
Prompt response on chat support. All my queries regarding deductible were clarified clearly. Regarding my bike insurance. Smooth process.,5,1
Misleading policy benefits sold by agent. Critical illness coverage had hidden sub-limits. Applied for my motor insurance. Zero stars.,2,0
Misleading policy benefits sold by agent. Critical illness coverage had hidden sub-limits. Applied for my bike insurance. Completely unacceptable.,2,0
Claim officer guided me through all required documentation step by step. Very professional. Regarding my motor insurance. Smooth process.,4,1
Cashless hospitalization process was totally hassle-free. Hospital desk handled everything smoothly. Regarding my family floater plan. Great job!,5,1
Third party claim settled without any disputes or delays. Very satisfied with the service. Regarding my motor insurance. 10/10 service.,5,1
Quick approval for windshield replacement. No unnecessary questions asked. Regarding my health policy. Very pleased.,4,1
Affordable health insurance plan for senior citizens with extensive hospital network. Regarding my car policy. Great job!,4,1
Great digital experience. Uploaded photos of car dent and claim approved within 3 hours. Regarding my motor insurance. Thank you team.,4,1
Fair premium quotes and comprehensive health coverage with no hidden clauses. Regarding my health policy. 10/10 service.,4,1
Cashless hospitalization process was totally hassle-free. Hospital desk handled everything smoothly. Regarding my car policy. Very pleased.,5,1
Fraudulent claim investigation opened against legitimate collision damage. Harassment! Applied for my bike insurance. Zero stars.,1,0
Delayed reimbursement for emergency treatment by over 60 days. Pathetic follow-up. Applied for my health policy. Never purchasing again.,1,0
Affordable health insurance plan for senior citizens with extensive hospital network. Regarding my motor insurance. Will renew for sure.,5,1
Rude and unhelpful support staff. Kept asking for same documents repeatedly. Applied for my comprehensive coverage. Disastrous service.,2,0
Claim rejected without any clear explanation after paying premiums diligently for 4 years. Applied for my family floater plan. Avoid this company.,1,0
Rude and unhelpful support staff. Kept asking for same documents repeatedly. Applied for my bike insurance. Never purchasing again.,2,0
Surveyor took two weeks to inspect vehicle damage and reported inaccurate assessment. Applied for my motor insurance. Disastrous service.,1,0
Third party claim settled without any disputes or delays. Very satisfied with the service. Regarding my motor insurance. Thank you team.,5,1
My claim was settled very fast and the support team was genuinely helpful throughout. Regarding my term insurance. Very pleased.,5,1
Roadside assistance arrived within 25 minutes after my car broke down on highway. Impressive! Regarding my health policy. Outstanding work.,5,1
Roadside assistance arrived within 25 minutes after my car broke down on highway. Impressive! Regarding my term insurance. 10/10 service.,5,1
Rude and unhelpful support staff. Kept asking for same documents repeatedly. Applied for my comprehensive coverage. Completely unacceptable.,2,0
App crashes constantly while uploading accident damage photos. Very frustrating interface. Applied for my motor insurance. Worst experience.,2,0
Fair premium quotes and comprehensive health coverage with no hidden clauses. Regarding my comprehensive coverage. Very pleased.,4,1
Cashless hospitalization process was totally hassle-free. Hospital desk handled everything smoothly. Regarding my health policy. Smooth process.,5,1
Cashless hospitalization process was totally hassle-free. Hospital desk handled everything smoothly. Regarding my comprehensive coverage. Great job!,5,1
Renewal process is so simple and discounts for claim-free years are very attractive. Regarding my family floater plan. Thank you team.,5,1
Cashless hospital network was rejected at hospital admission. Had to pay from my pocket. Applied for my car policy. Never purchasing again.,2,0
"Customer care officer was polite, patient, and solved my policy renewal query in minutes. Regarding my motor insurance. 10/10 service.",4,1
Excellent experience with InsureAI! The reimbursement was credited in just 2 days. Regarding my health policy. Will renew for sure.,5,1
Very easy claim filing process through the mobile app. Highly recommend this insurance provider. Regarding my health policy. Very pleased.,5,1
"Customer care officer was polite, patient, and solved my policy renewal query in minutes. Regarding my comprehensive coverage. Very pleased.",5,1
Cashless hospital network was rejected at hospital admission. Had to pay from my pocket. Applied for my family floater plan. Never purchasing again.,1,0
Dispute resolution process is a complete nightmare. Nobody takes accountability. Applied for my car policy. Worst experience.,2,0
They deducted 40 percent of my claim amount citing obscure clauses not mentioned earlier. Applied for my car policy. Avoid this company.,2,0
Dispute resolution process is a complete nightmare. Nobody takes accountability. Applied for my term insurance. Total waste of money.,1,0
Cashless hospital network was rejected at hospital admission. Had to pay from my pocket. Applied for my motor insurance. Extremely disappointed.,2,0
Delayed reimbursement for emergency treatment by over 60 days. Pathetic follow-up. Applied for my family floater plan. Extremely disappointed.,2,0
Extremely high renewal premium hike without any filed claims or medical history change. Applied for my motor insurance. Disastrous service.,1,0
Terrible experience. Customer support keeps putting me on hold and never returns calls. Applied for my comprehensive coverage. Avoid this company.,1,0
Poor communication from claim department. Status stayed under review for weeks. Applied for my health policy. Never purchasing again.,1,0
Waited 3 months with no response. Worst customer service ever encountered. Applied for my comprehensive coverage. Worst experience.,2,0
Waited 3 months with no response. Worst customer service ever encountered. Applied for my term insurance. Worst experience.,1,0
Rude and unhelpful support staff. Kept asking for same documents repeatedly. Applied for my car policy. Disastrous service.,2,0
Surveyor took two weeks to inspect vehicle damage and reported inaccurate assessment. Applied for my family floater plan. Never purchasing again.,2,0
Extremely high renewal premium hike without any filed claims or medical history change. Applied for my family floater plan. Disastrous service.,2,0
Rude and unhelpful support staff. Kept asking for same documents repeatedly. Applied for my motor insurance. Worst experience.,1,0
Poor communication from claim department. Status stayed under review for weeks. Applied for my bike insurance. Total waste of money.,2,0
Terrible experience. Customer support keeps putting me on hold and never returns calls. Applied for my motor insurance. Disastrous service.,2,0
Rude and unhelpful support staff. Kept asking for same documents repeatedly. Applied for my motor insurance. Disastrous service.,1,0
Hidden deductibles and co-pay percentages that were never disclosed at time of purchase. Applied for my term insurance. Disastrous service.,2,0
Poor communication from claim department. Status stayed under review for weeks. Applied for my comprehensive coverage. Disastrous service.,1,0
Excellent experience with InsureAI! The reimbursement was credited in just 2 days. Regarding my health policy. 10/10 service.,5,1
"Customer care officer was polite, patient, and solved my policy renewal query in minutes. Regarding my car policy. Will renew for sure.",4,1
Fair premium quotes and comprehensive health coverage with no hidden clauses. Regarding my family floater plan. Thank you team.,4,1
Claim officer guided me through all required documentation step by step. Very professional. Regarding my health policy. Will renew for sure.,4,1
Dispute resolution process is a complete nightmare. Nobody takes accountability. Applied for my motor insurance. Completely unacceptable.,1,0
Cashless hospitalization process was totally hassle-free. Hospital desk handled everything smoothly. Regarding my bike insurance. Great job!,4,1
Surveyor took two weeks to inspect vehicle damage and reported inaccurate assessment. Applied for my bike insurance. Completely unacceptable.,1,0
Hidden deductibles and co-pay percentages that were never disclosed at time of purchase. Applied for my motor insurance. Worst experience.,2,0
Fair premium quotes and comprehensive health coverage with no hidden clauses. Regarding my family floater plan. Will renew for sure.,5,1
My claim was settled very fast and the support team was genuinely helpful throughout. Regarding my health policy. 10/10 service.,5,1
Transparent claim verification and fast payout. Best insurance experience I have had so far. Regarding my term insurance. Great job!,4,1
Affordable health insurance plan for senior citizens with extensive hospital network. Regarding my term insurance. Thank you team.,4,1
Quick approval for windshield replacement. No unnecessary questions asked. Regarding my comprehensive coverage. Really impressed.,4,1
Transparent claim verification and fast payout. Best insurance experience I have had so far. Regarding my family floater plan. Thank you team.,5,1
Delayed reimbursement for emergency treatment by over 60 days. Pathetic follow-up. Applied for my motor insurance. Never purchasing again.,2,0
Delayed reimbursement for emergency treatment by over 60 days. Pathetic follow-up. Applied for my family floater plan. Extremely disappointed.,2,0
Misleading policy benefits sold by agent. Critical illness coverage had hidden sub-limits. Applied for my motor insurance. Avoid this company.,2,0
Misleading policy benefits sold by agent. Critical illness coverage had hidden sub-limits. Applied for my health policy. Zero stars.,1,0
Excellent experience with InsureAI! The reimbursement was credited in just 2 days. Regarding my car policy. Will renew for sure.,5,1
They deducted 40 percent of my claim amount citing obscure clauses not mentioned earlier. Applied for my term insurance. Never purchasing again.,2,0
Roadside assistance arrived within 25 minutes after my car broke down on highway. Impressive! Regarding my bike insurance. Smooth process.,5,1
Roadside assistance arrived within 25 minutes after my car broke down on highway. Impressive! Regarding my term insurance. Will renew for sure.,4,1
Renewal process is so simple and discounts for claim-free years are very attractive. Regarding my motor insurance. 10/10 service.,5,1
Dispute resolution process is a complete nightmare. Nobody takes accountability. Applied for my term insurance. Worst experience.,2,0
Excellent experience with InsureAI! The reimbursement was credited in just 2 days. Regarding my motor insurance. Great job!,5,1
Excellent experience with InsureAI! The reimbursement was credited in just 2 days. Regarding my term insurance. Really impressed.,4,1
App crashes constantly while uploading accident damage photos. Very frustrating interface. Applied for my term insurance. Never purchasing again.,1,0
Affordable health insurance plan for senior citizens with extensive hospital network. Regarding my comprehensive coverage. Thank you team.,5,1
Hidden deductibles and co-pay percentages that were never disclosed at time of purchase. Applied for my term insurance. Never purchasing again.,1,0
App crashes constantly while uploading accident damage photos. Very frustrating interface. Applied for my family floater plan. Completely unacceptable.,2,0
Waited 3 months with no response. Worst customer service ever encountered. Applied for my comprehensive coverage. Zero stars.,1,0
Misleading policy benefits sold by agent. Critical illness coverage had hidden sub-limits. Applied for my bike insurance. Disastrous service.,2,0
Claim rejected without any clear explanation after paying premiums diligently for 4 years. Applied for my car policy. Never purchasing again.,1,0
Excellent experience with InsureAI! The reimbursement was credited in just 2 days. Regarding my term insurance. 10/10 service.,4,1
Claim officer guided me through all required documentation step by step. Very professional. Regarding my bike insurance. Outstanding work.,5,1
Waited 3 months with no response. Worst customer service ever encountered. Applied for my comprehensive coverage. Zero stars.,1,0
Great digital experience. Uploaded photos of car dent and claim approved within 3 hours. Regarding my bike insurance. Thank you team.,4,1
Quick approval for windshield replacement. No unnecessary questions asked. Regarding my health policy. Outstanding work.,4,1
Delayed reimbursement for emergency treatment by over 60 days. Pathetic follow-up. Applied for my car policy. Worst experience.,1,0
My claim was settled very fast and the support team was genuinely helpful throughout. Regarding my health policy. Very pleased.,4,1
Very easy claim filing process through the mobile app. Highly recommend this insurance provider. Regarding my term insurance. 10/10 service.,5,1
Transparent claim verification and fast payout. Best insurance experience I have had so far. Regarding my health policy. Great job!,4,1
Delayed reimbursement for emergency treatment by over 60 days. Pathetic follow-up. Applied for my family floater plan. Zero stars.,1,0
Fair premium quotes and comprehensive health coverage with no hidden clauses. Regarding my health policy. Great job!,4,1
Misleading policy benefits sold by agent. Critical illness coverage had hidden sub-limits. Applied for my car policy. Completely unacceptable.,1,0
Cashless hospital network was rejected at hospital admission. Had to pay from my pocket. Applied for my car policy. Completely unacceptable.,1,0
Claim rejected without any clear explanation after paying premiums diligently for 4 years. Applied for my bike insurance. Worst experience.,2,0
Very easy claim filing process through the mobile app. Highly recommend this insurance provider. Regarding my car policy. Great job!,4,1
"Customer care officer was polite, patient, and solved my policy renewal query in minutes. Regarding my car policy. Thank you team.",5,1
Delayed reimbursement for emergency treatment by over 60 days. Pathetic follow-up. Applied for my bike insurance. Total waste of money.,2,0
Surveyor took two weeks to inspect vehicle damage and reported inaccurate assessment. Applied for my motor insurance. Extremely disappointed.,2,0
Terrible experience. Customer support keeps putting me on hold and never returns calls. Applied for my comprehensive coverage. Disastrous service.,2,0
Quick approval for windshield replacement. No unnecessary questions asked. Regarding my motor insurance. Outstanding work.,4,1
Delayed reimbursement for emergency treatment by over 60 days. Pathetic follow-up. Applied for my car policy. Avoid this company.,1,0
Transparent claim verification and fast payout. Best insurance experience I have had so far. Regarding my motor insurance. Thank you team.,5,1
Hidden deductibles and co-pay percentages that were never disclosed at time of purchase. Applied for my health policy. Disastrous service.,1,0
Cashless hospital network was rejected at hospital admission. Had to pay from my pocket. Applied for my motor insurance. Zero stars.,1,0
Poor communication from claim department. Status stayed under review for weeks. Applied for my health policy. Never purchasing again.,2,0
Rude and unhelpful support staff. Kept asking for same documents repeatedly. Applied for my health policy. Worst experience.,1,0
Transparent claim verification and fast payout. Best insurance experience I have had so far. Regarding my family floater plan. Will renew for sure.,4,1
Waited 3 months with no response. Worst customer service ever encountered. Applied for my family floater plan. Extremely disappointed.,2,0
Cashless hospitalization process was totally hassle-free. Hospital desk handled everything smoothly. Regarding my comprehensive coverage. Really impressed.,4,1
Prompt response on chat support. All my queries regarding deductible were clarified clearly. Regarding my term insurance. Will renew for sure.,5,1
App crashes constantly while uploading accident damage photos. Very frustrating interface. Applied for my comprehensive coverage. Disastrous service.,1,0
Cashless hospital network was rejected at hospital admission. Had to pay from my pocket. Applied for my term insurance. Avoid this company.,1,0
Delayed reimbursement for emergency treatment by over 60 days. Pathetic follow-up. Applied for my bike insurance. Never purchasing again.,1,0
Quick approval for windshield replacement. No unnecessary questions asked. Regarding my car policy. Thank you team.,5,1
Renewal process is so simple and discounts for claim-free years are very attractive. Regarding my car policy. Thank you team.,5,1
Delayed reimbursement for emergency treatment by over 60 days. Pathetic follow-up. Applied for my health policy. Total waste of money.,2,0
Third party claim settled without any disputes or delays. Very satisfied with the service. Regarding my health policy. 10/10 service.,4,1
Poor communication from claim department. Status stayed under review for weeks. Applied for my motor insurance. Completely unacceptable.,1,0
Fraudulent claim investigation opened against legitimate collision damage. Harassment! Applied for my motor insurance. Disastrous service.,2,0
Fair premium quotes and comprehensive health coverage with no hidden clauses. Regarding my health policy. Will renew for sure.,4,1
Cashless hospital network was rejected at hospital admission. Had to pay from my pocket. Applied for my family floater plan. Zero stars.,1,0
Dispute resolution process is a complete nightmare. Nobody takes accountability. Applied for my bike insurance. Avoid this company.,1,0
Fraudulent claim investigation opened against legitimate collision damage. Harassment! Applied for my health policy. Total waste of money.,1,0
Great digital experience. Uploaded photos of car dent and claim approved within 3 hours. Regarding my term insurance. Will renew for sure.,5,1
My claim was settled very fast and the support team was genuinely helpful throughout. Regarding my bike insurance. Thank you team.,5,1
Fair premium quotes and comprehensive health coverage with no hidden clauses. Regarding my motor insurance. Smooth process.,5,1
Transparent claim verification and fast payout. Best insurance experience I have had so far. Regarding my comprehensive coverage. Really impressed.,4,1
Very easy claim filing process through the mobile app. Highly recommend this insurance provider. Regarding my bike insurance. Smooth process.,5,1
Great digital experience. Uploaded photos of car dent and claim approved within 3 hours. Regarding my bike insurance. Outstanding work.,4,1
Quick approval for windshield replacement. No unnecessary questions asked. Regarding my family floater plan. Very pleased.,5,1
Prompt response on chat support. All my queries regarding deductible were clarified clearly. Regarding my health policy. Great job!,4,1
Affordable health insurance plan for senior citizens with extensive hospital network. Regarding my health policy. Thank you team.,5,1
Renewal process is so simple and discounts for claim-free years are very attractive. Regarding my comprehensive coverage. Really impressed.,5,1
Hidden deductibles and co-pay percentages that were never disclosed at time of purchase. Applied for my motor insurance. Zero stars.,2,0
Claim officer guided me through all required documentation step by step. Very professional. Regarding my health policy. Outstanding work.,4,1
Renewal process is so simple and discounts for claim-free years are very attractive. Regarding my car policy. Thank you team.,4,1
Misleading policy benefits sold by agent. Critical illness coverage had hidden sub-limits. Applied for my motor insurance. Zero stars.,1,0
Extremely high renewal premium hike without any filed claims or medical history change. Applied for my term insurance. Disastrous service.,1,0
Dispute resolution process is a complete nightmare. Nobody takes accountability. Applied for my comprehensive coverage. Completely unacceptable.,2,0
Transparent claim verification and fast payout. Best insurance experience I have had so far. Regarding my comprehensive coverage. Great job!,5,1
Cashless hospital network was rejected at hospital admission. Had to pay from my pocket. Applied for my motor insurance. Completely unacceptable.,1,0
Excellent experience with InsureAI! The reimbursement was credited in just 2 days. Regarding my family floater plan. Outstanding work.,4,1
Dispute resolution process is a complete nightmare. Nobody takes accountability. Applied for my motor insurance. Disastrous service.,2,0
"Customer care officer was polite, patient, and solved my policy renewal query in minutes. Regarding my comprehensive coverage. Great job!",5,1
My claim was settled very fast and the support team was genuinely helpful throughout. Regarding my car policy. 10/10 service.,4,1
"Customer care officer was polite, patient, and solved my policy renewal query in minutes. Regarding my car policy. Outstanding work.",4,1
Third party claim settled without any disputes or delays. Very satisfied with the service. Regarding my bike insurance. 10/10 service.,5,1
Claim officer guided me through all required documentation step by step. Very professional. Regarding my comprehensive coverage. Very pleased.,4,1
Hidden deductibles and co-pay percentages that were never disclosed at time of purchase. Applied for my health policy. Never purchasing again.,1,0
Claim rejected without any clear explanation after paying premiums diligently for 4 years. Applied for my bike insurance. Never purchasing again.,1,0
Surveyor took two weeks to inspect vehicle damage and reported inaccurate assessment. Applied for my car policy. Extremely disappointed.,1,0
Very easy claim filing process through the mobile app. Highly recommend this insurance provider. Regarding my comprehensive coverage. Very pleased.,5,1
Very easy claim filing process through the mobile app. Highly recommend this insurance provider. Regarding my bike insurance. Outstanding work.,4,1
Affordable health insurance plan for senior citizens with extensive hospital network. Regarding my car policy. Great job!,4,1
App crashes constantly while uploading accident damage photos. Very frustrating interface. Applied for my family floater plan. Disastrous service.,2,0
Waited 3 months with no response. Worst customer service ever encountered. Applied for my comprehensive coverage. Never purchasing again.,1,0
App crashes constantly while uploading accident damage photos. Very frustrating interface. Applied for my term insurance. Zero stars.,1,0
Claim officer guided me through all required documentation step by step. Very professional. Regarding my health policy. Thank you team.,5,1
Great digital experience. Uploaded photos of car dent and claim approved within 3 hours. Regarding my motor insurance. Great job!,5,1
Cashless hospital network was rejected at hospital admission. Had to pay from my pocket. Applied for my comprehensive coverage. Extremely disappointed.,2,0
Delayed reimbursement for emergency treatment by over 60 days. Pathetic follow-up. Applied for my family floater plan. Never purchasing again.,1,0
Quick approval for windshield replacement. No unnecessary questions asked. Regarding my motor insurance. Thank you team.,5,1
Poor communication from claim department. Status stayed under review for weeks. Applied for my health policy. Zero stars.,2,0
They deducted 40 percent of my claim amount citing obscure clauses not mentioned earlier. Applied for my car policy. Extremely disappointed.,2,0
Transparent claim verification and fast payout. Best insurance experience I have had so far. Regarding my bike insurance. Smooth process.,5,1
Renewal process is so simple and discounts for claim-free years are very attractive. Regarding my family floater plan. Thank you team.,4,1
Cashless hospital network was rejected at hospital admission. Had to pay from my pocket. Applied for my comprehensive coverage. Total waste of money.,1,0
"Customer care officer was polite, patient, and solved my policy renewal query in minutes. Regarding my term insurance. Will renew for sure.",4,1
Roadside assistance arrived within 25 minutes after my car broke down on highway. Impressive! Regarding my bike insurance. Thank you team.,5,1
Excellent experience with InsureAI! The reimbursement was credited in just 2 days. Regarding my term insurance. Smooth process.,4,1
They deducted 40 percent of my claim amount citing obscure clauses not mentioned earlier. Applied for my term insurance. Disastrous service.,2,0
Very easy claim filing process through the mobile app. Highly recommend this insurance provider. Regarding my comprehensive coverage. Great job!,4,1
Third party claim settled without any disputes or delays. Very satisfied with the service. Regarding my term insurance. Great job!,5,1
Cashless hospital network was rejected at hospital admission. Had to pay from my pocket. Applied for my health policy. Worst experience.,1,0
Prompt response on chat support. All my queries regarding deductible were clarified clearly. Regarding my motor insurance. Smooth process.,4,1
Transparent claim verification and fast payout. Best insurance experience I have had so far. Regarding my motor insurance. Thank you team.,5,1
Cashless hospital network was rejected at hospital admission. Had to pay from my pocket. Applied for my car policy. Disastrous service.,2,0
Delayed reimbursement for emergency treatment by over 60 days. Pathetic follow-up. Applied for my motor insurance. Zero stars.,1,0
Misleading policy benefits sold by agent. Critical illness coverage had hidden sub-limits. Applied for my comprehensive coverage. Completely unacceptable.,2,0
Surveyor took two weeks to inspect vehicle damage and reported inaccurate assessment. Applied for my bike insurance. Completely unacceptable.,1,0
Affordable health insurance plan for senior citizens with extensive hospital network. Regarding my comprehensive coverage. Will renew for sure.,5,1
Cashless hospitalization process was totally hassle-free. Hospital desk handled everything smoothly. Regarding my family floater plan. Thank you team.,5,1
Claim rejected without any clear explanation after paying premiums diligently for 4 years. Applied for my health policy. Zero stars.,1,0
Dispute resolution process is a complete nightmare. Nobody takes accountability. Applied for my family floater plan. Never purchasing again.,2,0
Excellent experience with InsureAI! The reimbursement was credited in just 2 days. Regarding my term insurance. Really impressed.,4,1
Transparent claim verification and fast payout. Best insurance experience I have had so far. Regarding my comprehensive coverage. Really impressed.,4,1
Third party claim settled without any disputes or delays. Very satisfied with the service. Regarding my term insurance. Will renew for sure.,5,1
Fair premium quotes and comprehensive health coverage with no hidden clauses. Regarding my car policy. Will renew for sure.,4,1
Terrible experience. Customer support keeps putting me on hold and never returns calls. Applied for my comprehensive coverage. Extremely disappointed.,2,0
Fraudulent claim investigation opened against legitimate collision damage. Harassment! Applied for my bike insurance. Total waste of money.,2,0
Fraudulent claim investigation opened against legitimate collision damage. Harassment! Applied for my family floater plan. Zero stars.,1,0
Misleading policy benefits sold by agent. Critical illness coverage had hidden sub-limits. Applied for my comprehensive coverage. Zero stars.,2,0
Very easy claim filing process through the mobile app. Highly recommend this insurance provider. Regarding my family floater plan. Thank you team.,5,1
Poor communication from claim department. Status stayed under review for weeks. Applied for my car policy. Worst experience.,1,0
Misleading policy benefits sold by agent. Critical illness coverage had hidden sub-limits. Applied for my term insurance. Avoid this company.,2,0
Excellent experience with InsureAI! The reimbursement was credited in just 2 days. Regarding my comprehensive coverage. Great job!,5,1
Claim rejected without any clear explanation after paying premiums diligently for 4 years. Applied for my comprehensive coverage. Zero stars.,1,0
Cashless hospital network was rejected at hospital admission. Had to pay from my pocket. Applied for my family floater plan. Disastrous service.,1,0
Misleading policy benefits sold by agent. Critical illness coverage had hidden sub-limits. Applied for my term insurance. Completely unacceptable.,1,0
Great digital experience. Uploaded photos of car dent and claim approved within 3 hours. Regarding my bike insurance. Outstanding work.,4,1
Claim rejected without any clear explanation after paying premiums diligently for 4 years. Applied for my bike insurance. Worst experience.,2,0
Excellent experience with InsureAI! The reimbursement was credited in just 2 days. Regarding my family floater plan. Really impressed.,4,1
Cashless hospital network was rejected at hospital admission. Had to pay from my pocket. Applied for my family floater plan. Avoid this company.,1,0
Affordable health insurance plan for senior citizens with extensive hospital network. Regarding my family floater plan. Will renew for sure.,5,1
Quick approval for windshield replacement. No unnecessary questions asked. Regarding my motor insurance. Smooth process.,4,1
Roadside assistance arrived within 25 minutes after my car broke down on highway. Impressive! Regarding my motor insurance. 10/10 service.,4,1
Excellent experience with InsureAI! The reimbursement was credited in just 2 days. Regarding my term insurance. Really impressed.,5,1
Waited 3 months with no response. Worst customer service ever encountered. Applied for my term insurance. Total waste of money.,1,0
Delayed reimbursement for emergency treatment by over 60 days. Pathetic follow-up. Applied for my comprehensive coverage. Avoid this company.,1,0
Transparent claim verification and fast payout. Best insurance experience I have had so far. Regarding my bike insurance. 10/10 service.,4,1
Affordable health insurance plan for senior citizens with extensive hospital network. Regarding my family floater plan. Will renew for sure.,4,1
Dispute resolution process is a complete nightmare. Nobody takes accountability. Applied for my car policy. Disastrous service.,1,0
Poor communication from claim department. Status stayed under review for weeks. Applied for my bike insurance. Worst experience.,2,0
Fair premium quotes and comprehensive health coverage with no hidden clauses. Regarding my motor insurance. Will renew for sure.,5,1
Rude and unhelpful support staff. Kept asking for same documents repeatedly. Applied for my term insurance. Worst experience.,1,0
They deducted 40 percent of my claim amount citing obscure clauses not mentioned earlier. Applied for my comprehensive coverage. Avoid this company.,1,0
Excellent experience with InsureAI! The reimbursement was credited in just 2 days. Regarding my car policy. Smooth process.,5,1
Transparent claim verification and fast payout. Best insurance experience I have had so far. Regarding my motor insurance. Thank you team.,5,1
Fraudulent claim investigation opened against legitimate collision damage. Harassment! Applied for my bike insurance. Zero stars.,1,0
Surveyor took two weeks to inspect vehicle damage and reported inaccurate assessment. Applied for my health policy. Avoid this company.,2,0
Waited 3 months with no response. Worst customer service ever encountered. Applied for my motor insurance. Zero stars.,2,0
Prompt response on chat support. All my queries regarding deductible were clarified clearly. Regarding my comprehensive coverage. Smooth process.,4,1
Waited 3 months with no response. Worst customer service ever encountered. Applied for my health policy. Total waste of money.,1,0
Fraudulent claim investigation opened against legitimate collision damage. Harassment! Applied for my bike insurance. Disastrous service.,1,0
Claim officer guided me through all required documentation step by step. Very professional. Regarding my motor insurance. Will renew for sure.,5,1
Affordable health insurance plan for senior citizens with extensive hospital network. Regarding my car policy. Really impressed.,4,1
Quick approval for windshield replacement. No unnecessary questions asked. Regarding my family floater plan. Very pleased.,4,1
Fraudulent claim investigation opened against legitimate collision damage. Harassment! Applied for my term insurance. Worst experience.,1,0
Cashless hospital network was rejected at hospital admission. Had to pay from my pocket. Applied for my family floater plan. Avoid this company.,2,0
Renewal process is so simple and discounts for claim-free years are very attractive. Regarding my car policy. Outstanding work.,4,1
Cashless hospitalization process was totally hassle-free. Hospital desk handled everything smoothly. Regarding my family floater plan. Outstanding work.,4,1
Cashless hospital network was rejected at hospital admission. Had to pay from my pocket. Applied for my term insurance. Extremely disappointed.,1,0
Great digital experience. Uploaded photos of car dent and claim approved within 3 hours. Regarding my health policy. Thank you team.,5,1
Prompt response on chat support. All my queries regarding deductible were clarified clearly. Regarding my family floater plan. Smooth process.,4,1
Fair premium quotes and comprehensive health coverage with no hidden clauses. Regarding my family floater plan. Thank you team.,5,1
Waited 3 months with no response. Worst customer service ever encountered. Applied for my comprehensive coverage. Worst experience.,1,0
My claim was settled very fast and the support team was genuinely helpful throughout. Regarding my comprehensive coverage. Very pleased.,4,1
Prompt response on chat support. All my queries regarding deductible were clarified clearly. Regarding my health policy. Outstanding work.,5,1
App crashes constantly while uploading accident damage photos. Very frustrating interface. Applied for my term insurance. Avoid this company.,2,0
Terrible experience. Customer support keeps putting me on hold and never returns calls. Applied for my term insurance. Never purchasing again.,1,0
Delayed reimbursement for emergency treatment by over 60 days. Pathetic follow-up. Applied for my motor insurance. Total waste of money.,1,0
Rude and unhelpful support staff. Kept asking for same documents repeatedly. Applied for my health policy. Worst experience.,1,0
Affordable health insurance plan for senior citizens with extensive hospital network. Regarding my car policy. Really impressed.,5,1
Transparent claim verification and fast payout. Best insurance experience I have had so far. Regarding my bike insurance. Very pleased.,4,1
Very easy claim filing process through the mobile app. Highly recommend this insurance provider. Regarding my bike insurance. Really impressed.,5,1
Extremely high renewal premium hike without any filed claims or medical history change. Applied for my family floater plan. Never purchasing again.,2,0
Excellent experience with InsureAI! The reimbursement was credited in just 2 days. Regarding my comprehensive coverage. Really impressed.,5,1
Delayed reimbursement for emergency treatment by over 60 days. Pathetic follow-up. Applied for my motor insurance. Worst experience.,1,0
Renewal process is so simple and discounts for claim-free years are very attractive. Regarding my comprehensive coverage. Smooth process.,4,1
Extremely high renewal premium hike without any filed claims or medical history change. Applied for my health policy. Extremely disappointed.,1,0
Dispute resolution process is a complete nightmare. Nobody takes accountability. Applied for my comprehensive coverage. Completely unacceptable.,2,0
Cashless hospital network was rejected at hospital admission. Had to pay from my pocket. Applied for my health policy. Avoid this company.,2,0
App crashes constantly while uploading accident damage photos. Very frustrating interface. Applied for my term insurance. Total waste of money.,2,0
Rude and unhelpful support staff. Kept asking for same documents repeatedly. Applied for my bike insurance. Total waste of money.,1,0
Rude and unhelpful support staff. Kept asking for same documents repeatedly. Applied for my term insurance. Zero stars.,1,0
Excellent experience with InsureAI! The reimbursement was credited in just 2 days. Regarding my family floater plan. Will renew for sure.,5,1
They deducted 40 percent of my claim amount citing obscure clauses not mentioned earlier. Applied for my family floater plan. Disastrous service.,1,0
App crashes constantly while uploading accident damage photos. Very frustrating interface. Applied for my motor insurance. Total waste of money.,1,0
Terrible experience. Customer support keeps putting me on hold and never returns calls. Applied for my family floater plan. Total waste of money.,2,0
They deducted 40 percent of my claim amount citing obscure clauses not mentioned earlier. Applied for my comprehensive coverage. Extremely disappointed.,1,0
Dispute resolution process is a complete nightmare. Nobody takes accountability. Applied for my family floater plan. Never purchasing again.,1,0
My claim was settled very fast and the support team was genuinely helpful throughout. Regarding my bike insurance. Really impressed.,4,1
Terrible experience. Customer support keeps putting me on hold and never returns calls. Applied for my car policy. Extremely disappointed.,2,0
Delayed reimbursement for emergency treatment by over 60 days. Pathetic follow-up. Applied for my family floater plan. Extremely disappointed.,2,0
Roadside assistance arrived within 25 minutes after my car broke down on highway. Impressive! Regarding my term insurance. Smooth process.,5,1
Surveyor took two weeks to inspect vehicle damage and reported inaccurate assessment. Applied for my bike insurance. Total waste of money.,1,0
Transparent claim verification and fast payout. Best insurance experience I have had so far. Regarding my family floater plan. Thank you team.,4,1
Fair premium quotes and comprehensive health coverage with no hidden clauses. Regarding my family floater plan. Smooth process.,5,1
Cashless hospitalization process was totally hassle-free. Hospital desk handled everything smoothly. Regarding my bike insurance. Great job!,4,1
Great digital experience. Uploaded photos of car dent and claim approved within 3 hours. Regarding my comprehensive coverage. Outstanding work.,4,1
Misleading policy benefits sold by agent. Critical illness coverage had hidden sub-limits. Applied for my health policy. Worst experience.,1,0
Claim officer guided me through all required documentation step by step. Very professional. Regarding my term insurance. 10/10 service.,4,1
Cashless hospital network was rejected at hospital admission. Had to pay from my pocket. Applied for my term insurance. Total waste of money.,2,0
Roadside assistance arrived within 25 minutes after my car broke down on highway. Impressive! Regarding my bike insurance. Really impressed.,4,1
Affordable health insurance plan for senior citizens with extensive hospital network. Regarding my term insurance. Thank you team.,4,1
Poor communication from claim department. Status stayed under review for weeks. Applied for my health policy. Zero stars.,1,0
"Customer care officer was polite, patient, and solved my policy renewal query in minutes. Regarding my health policy. Great job!",4,1
Transparent claim verification and fast payout. Best insurance experience I have had so far. Regarding my bike insurance. Outstanding work.,4,1
Poor communication from claim department. Status stayed under review for weeks. Applied for my car policy. Worst experience.,2,0
Roadside assistance arrived within 25 minutes after my car broke down on highway. Impressive! Regarding my health policy. Very pleased.,4,1
Terrible experience. Customer support keeps putting me on hold and never returns calls. Applied for my motor insurance. Disastrous service.,1,0
Prompt response on chat support. All my queries regarding deductible were clarified clearly. Regarding my motor insurance. 10/10 service.,5,1
Misleading policy benefits sold by agent. Critical illness coverage had hidden sub-limits. Applied for my bike insurance. Completely unacceptable.,1,0
Misleading policy benefits sold by agent. Critical illness coverage had hidden sub-limits. Applied for my family floater plan. Completely unacceptable.,1,0
Surveyor took two weeks to inspect vehicle damage and reported inaccurate assessment. Applied for my comprehensive coverage. Never purchasing again.,2,0
Cashless hospitalization process was totally hassle-free. Hospital desk handled everything smoothly. Regarding my term insurance. Outstanding work.,5,1
Roadside assistance arrived within 25 minutes after my car broke down on highway. Impressive! Regarding my family floater plan. Really impressed.,4,1
Extremely high renewal premium hike without any filed claims or medical history change. Applied for my bike insurance. Zero stars.,2,0
Waited 3 months with no response. Worst customer service ever encountered. Applied for my bike insurance. Disastrous service.,2,0
Claim officer guided me through all required documentation step by step. Very professional. Regarding my motor insurance. Will renew for sure.,5,1
Poor communication from claim department. Status stayed under review for weeks. Applied for my comprehensive coverage. Avoid this company.,2,0
Renewal process is so simple and discounts for claim-free years are very attractive. Regarding my car policy. Really impressed.,4,1
Renewal process is so simple and discounts for claim-free years are very attractive. Regarding my family floater plan. 10/10 service.,4,1
Rude and unhelpful support staff. Kept asking for same documents repeatedly. Applied for my motor insurance. Zero stars.,1,0
Terrible experience. Customer support keeps putting me on hold and never returns calls. Applied for my car policy. Worst experience.,1,0
Fraudulent claim investigation opened against legitimate collision damage. Harassment! Applied for my term insurance. Zero stars.,2,0
Delayed reimbursement for emergency treatment by over 60 days. Pathetic follow-up. Applied for my comprehensive coverage. Avoid this company.,1,0
Great digital experience. Uploaded photos of car dent and claim approved within 3 hours. Regarding my term insurance. Very pleased.,4,1
Great digital experience. Uploaded photos of car dent and claim approved within 3 hours. Regarding my health policy. Very pleased.,4,1
Renewal process is so simple and discounts for claim-free years are very attractive. Regarding my term insurance. Great job!,5,1
Fair premium quotes and comprehensive health coverage with no hidden clauses. Regarding my comprehensive coverage. Outstanding work.,4,1
Great digital experience. Uploaded photos of car dent and claim approved within 3 hours. Regarding my family floater plan. Outstanding work.,5,1
My claim was settled very fast and the support team was genuinely helpful throughout. Regarding my family floater plan. Really impressed.,4,1
Misleading policy benefits sold by agent. Critical illness coverage had hidden sub-limits. Applied for my term insurance. Avoid this company.,2,0
Fraudulent claim investigation opened against legitimate collision damage. Harassment! Applied for my family floater plan. Completely unacceptable.,1,0
Quick approval for windshield replacement. No unnecessary questions asked. Regarding my comprehensive coverage. Thank you team.,4,1
My claim was settled very fast and the support team was genuinely helpful throughout. Regarding my family floater plan. Great job!,5,1
Terrible experience. Customer support keeps putting me on hold and never returns calls. Applied for my health policy. Total waste of money.,1,0
Renewal process is so simple and discounts for claim-free years are very attractive. Regarding my family floater plan. Outstanding work.,4,1
Prompt response on chat support. All my queries regarding deductible were clarified clearly. Regarding my family floater plan. Smooth process.,4,1
Cashless hospitalization process was totally hassle-free. Hospital desk handled everything smoothly. Regarding my comprehensive coverage. Will renew for sure.,4,1
Great digital experience. Uploaded photos of car dent and claim approved within 3 hours. Regarding my car policy. 10/10 service.,5,1
Poor communication from claim department. Status stayed under review for weeks. Applied for my car policy. Avoid this company.,1,0
App crashes constantly while uploading accident damage photos. Very frustrating interface. Applied for my health policy. Never purchasing again.,1,0
Poor communication from claim department. Status stayed under review for weeks. Applied for my car policy. Total waste of money.,1,0
Great digital experience. Uploaded photos of car dent and claim approved within 3 hours. Regarding my health policy. Outstanding work.,4,1
Claim officer guided me through all required documentation step by step. Very professional. Regarding my health policy. Smooth process.,5,1
Roadside assistance arrived within 25 minutes after my car broke down on highway. Impressive! Regarding my motor insurance. Thank you team.,4,1
Delayed reimbursement for emergency treatment by over 60 days. Pathetic follow-up. Applied for my motor insurance. Extremely disappointed.,1,0
Dispute resolution process is a complete nightmare. Nobody takes accountability. Applied for my comprehensive coverage. Zero stars.,2,0
Great digital experience. Uploaded photos of car dent and claim approved within 3 hours. Regarding my comprehensive coverage. Really impressed.,5,1
Fair premium quotes and comprehensive health coverage with no hidden clauses. Regarding my family floater plan. Outstanding work.,4,1
Poor communication from claim department. Status stayed under review for weeks. Applied for my comprehensive coverage. Worst experience.,2,0
Very easy claim filing process through the mobile app. Highly recommend this insurance provider. Regarding my term insurance. Thank you team.,5,1
Fraudulent claim investigation opened against legitimate collision damage. Harassment! Applied for my motor insurance. Completely unacceptable.,1,0
Fair premium quotes and comprehensive health coverage with no hidden clauses. Regarding my comprehensive coverage. Smooth process.,5,1
My claim was settled very fast and the support team was genuinely helpful throughout. Regarding my term insurance. Thank you team.,5,1
Extremely high renewal premium hike without any filed claims or medical history change. Applied for my family floater plan. Extremely disappointed.,1,0
Claim officer guided me through all required documentation step by step. Very professional. Regarding my motor insurance. Very pleased.,5,1
Misleading policy benefits sold by agent. Critical illness coverage had hidden sub-limits. Applied for my comprehensive coverage. Disastrous service.,1,0
Claim rejected without any clear explanation after paying premiums diligently for 4 years. Applied for my motor insurance. Never purchasing again.,2,0
Poor communication from claim department. Status stayed under review for weeks. Applied for my motor insurance. Worst experience.,2,0
Third party claim settled without any disputes or delays. Very satisfied with the service. Regarding my motor insurance. Great job!,5,1
They deducted 40 percent of my claim amount citing obscure clauses not mentioned earlier. Applied for my motor insurance. Extremely disappointed.,2,0
Waited 3 months with no response. Worst customer service ever encountered. Applied for my motor insurance. Zero stars.,1,0
Renewal process is so simple and discounts for claim-free years are very attractive. Regarding my family floater plan. Very pleased.,5,1
Delayed reimbursement for emergency treatment by over 60 days. Pathetic follow-up. Applied for my comprehensive coverage. Completely unacceptable.,1,0
Affordable health insurance plan for senior citizens with extensive hospital network. Regarding my bike insurance. Smooth process.,4,1
Prompt response on chat support. All my queries regarding deductible were clarified clearly. Regarding my term insurance. Thank you team.,4,1
Roadside assistance arrived within 25 minutes after my car broke down on highway. Impressive! Regarding my comprehensive coverage. 10/10 service.,4,1
Quick approval for windshield replacement. No unnecessary questions asked. Regarding my car policy. Smooth process.,5,1
"Customer care officer was polite, patient, and solved my policy renewal query in minutes. Regarding my motor insurance. Smooth process.",4,1
Cashless hospital network was rejected at hospital admission. Had to pay from my pocket. Applied for my comprehensive coverage. Avoid this company.,2,0
Rude and unhelpful support staff. Kept asking for same documents repeatedly. Applied for my family floater plan. Extremely disappointed.,2,0
Very easy claim filing process through the mobile app. Highly recommend this insurance provider. Regarding my bike insurance. Will renew for sure.,4,1
Waited 3 months with no response. Worst customer service ever encountered. Applied for my motor insurance. Zero stars.,2,0
Quick approval for windshield replacement. No unnecessary questions asked. Regarding my term insurance. Very pleased.,4,1
Waited 3 months with no response. Worst customer service ever encountered. Applied for my family floater plan. Disastrous service.,2,0
Roadside assistance arrived within 25 minutes after my car broke down on highway. Impressive! Regarding my term insurance. Smooth process.,5,1
Excellent experience with InsureAI! The reimbursement was credited in just 2 days. Regarding my comprehensive coverage. 10/10 service.,5,1
Cashless hospital network was rejected at hospital admission. Had to pay from my pocket. Applied for my term insurance. Disastrous service.,1,0
Claim rejected without any clear explanation after paying premiums diligently for 4 years. Applied for my motor insurance. Extremely disappointed.,2,0
Affordable health insurance plan for senior citizens with extensive hospital network. Regarding my term insurance. Thank you team.,5,1
Terrible experience. Customer support keeps putting me on hold and never returns calls. Applied for my motor insurance. Never purchasing again.,1,0
Great digital experience. Uploaded photos of car dent and claim approved within 3 hours. Regarding my family floater plan. Great job!,4,1
Quick approval for windshield replacement. No unnecessary questions asked. Regarding my comprehensive coverage. 10/10 service.,5,1
Great digital experience. Uploaded photos of car dent and claim approved within 3 hours. Regarding my health policy. 10/10 service.,4,1
Dispute resolution process is a complete nightmare. Nobody takes accountability. Applied for my bike insurance. Completely unacceptable.,2,0
Rude and unhelpful support staff. Kept asking for same documents repeatedly. Applied for my health policy. Extremely disappointed.,2,0
Poor communication from claim department. Status stayed under review for weeks. Applied for my car policy. Total waste of money.,1,0
"Customer care officer was polite, patient, and solved my policy renewal query in minutes. Regarding my bike insurance. Really impressed.",5,1
Very easy claim filing process through the mobile app. Highly recommend this insurance provider. Regarding my family floater plan. Will renew for sure.,5,1
Roadside assistance arrived within 25 minutes after my car broke down on highway. Impressive! Regarding my comprehensive coverage. Thank you team.,4,1
Great digital experience. Uploaded photos of car dent and claim approved within 3 hours. Regarding my term insurance. 10/10 service.,5,1
"Customer care officer was polite, patient, and solved my policy renewal query in minutes. Regarding my comprehensive coverage. Thank you team.",5,1
Fair premium quotes and comprehensive health coverage with no hidden clauses. Regarding my motor insurance. Outstanding work.,5,1
Roadside assistance arrived within 25 minutes after my car broke down on highway. Impressive! Regarding my motor insurance. Great job!,4,1
Dispute resolution process is a complete nightmare. Nobody takes accountability. Applied for my bike insurance. Zero stars.,1,0
Fair premium quotes and comprehensive health coverage with no hidden clauses. Regarding my comprehensive coverage. Really impressed.,4,1
"Customer care officer was polite, patient, and solved my policy renewal query in minutes. Regarding my term insurance. Really impressed.",4,1
Extremely high renewal premium hike without any filed claims or medical history change. Applied for my motor insurance. Avoid this company.,2,0
Claim officer guided me through all required documentation step by step. Very professional. Regarding my family floater plan. Smooth process.,5,1
Quick approval for windshield replacement. No unnecessary questions asked. Regarding my term insurance. 10/10 service.,5,1
My claim was settled very fast and the support team was genuinely helpful throughout. Regarding my term insurance. Will renew for sure.,4,1
Poor communication from claim department. Status stayed under review for weeks. Applied for my car policy. Never purchasing again.,1,0
"Customer care officer was polite, patient, and solved my policy renewal query in minutes. Regarding my term insurance. Outstanding work.",5,1
Great digital experience. Uploaded photos of car dent and claim approved within 3 hours. Regarding my family floater plan. Outstanding work.,5,1
My claim was settled very fast and the support team was genuinely helpful throughout. Regarding my term insurance. 10/10 service.,4,1
"Customer care officer was polite, patient, and solved my policy renewal query in minutes. Regarding my health policy. Will renew for sure.",4,1
Surveyor took two weeks to inspect vehicle damage and reported inaccurate assessment. Applied for my term insurance. Completely unacceptable.,1,0
Surveyor took two weeks to inspect vehicle damage and reported inaccurate assessment. Applied for my car policy. Disastrous service.,2,0
Roadside assistance arrived within 25 minutes after my car broke down on highway. Impressive! Regarding my car policy. Thank you team.,4,1
Renewal process is so simple and discounts for claim-free years are very attractive. Regarding my motor insurance. Great job!,5,1
Great digital experience. Uploaded photos of car dent and claim approved within 3 hours. Regarding my bike insurance. Very pleased.,4,1
Waited 3 months with no response. Worst customer service ever encountered. Applied for my family floater plan. Zero stars.,2,0
Cashless hospitalization process was totally hassle-free. Hospital desk handled everything smoothly. Regarding my health policy. Very pleased.,4,1
Fair premium quotes and comprehensive health coverage with no hidden clauses. Regarding my term insurance. Smooth process.,5,1
Prompt response on chat support. All my queries regarding deductible were clarified clearly. Regarding my bike insurance. Smooth process.,4,1
Very easy claim filing process through the mobile app. Highly recommend this insurance provider. Regarding my comprehensive coverage. Will renew for sure.,4,1
Third party claim settled without any disputes or delays. Very satisfied with the service. Regarding my bike insurance. Very pleased.,4,1
Misleading policy benefits sold by agent. Critical illness coverage had hidden sub-limits. Applied for my family floater plan. Disastrous service.,2,0
"Customer care officer was polite, patient, and solved my policy renewal query in minutes. Regarding my car policy. Thank you team.",5,1
Roadside assistance arrived within 25 minutes after my car broke down on highway. Impressive! Regarding my comprehensive coverage. Very pleased.,5,1
They deducted 40 percent of my claim amount citing obscure clauses not mentioned earlier. Applied for my motor insurance. Completely unacceptable.,2,0
Cashless hospital network was rejected at hospital admission. Had to pay from my pocket. Applied for my health policy. Extremely disappointed.,1,0
Very easy claim filing process through the mobile app. Highly recommend this insurance provider. Regarding my family floater plan. Great job!,5,1
Extremely high renewal premium hike without any filed claims or medical history change. Applied for my bike insurance. Avoid this company.,2,0
Extremely high renewal premium hike without any filed claims or medical history change. Applied for my motor insurance. Completely unacceptable.,1,0
Renewal process is so simple and discounts for claim-free years are very attractive. Regarding my family floater plan. Really impressed.,4,1
Quick approval for windshield replacement. No unnecessary questions asked. Regarding my term insurance. Smooth process.,4,1
Extremely high renewal premium hike without any filed claims or medical history change. Applied for my bike insurance. Never purchasing again.,2,0
Claim officer guided me through all required documentation step by step. Very professional. Regarding my health policy. Very pleased.,5,1
Surveyor took two weeks to inspect vehicle damage and reported inaccurate assessment. Applied for my bike insurance. Extremely disappointed.,2,0
Roadside assistance arrived within 25 minutes after my car broke down on highway. Impressive! Regarding my health policy. Thank you team.,5,1
Rude and unhelpful support staff. Kept asking for same documents repeatedly. Applied for my family floater plan. Worst experience.,1,0
Poor communication from claim department. Status stayed under review for weeks. Applied for my family floater plan. Zero stars.,2,0
Prompt response on chat support. All my queries regarding deductible were clarified clearly. Regarding my bike insurance. Great job!,5,1
Waited 3 months with no response. Worst customer service ever encountered. Applied for my family floater plan. Disastrous service.,1,0
Delayed reimbursement for emergency treatment by over 60 days. Pathetic follow-up. Applied for my family floater plan. Completely unacceptable.,2,0
Delayed reimbursement for emergency treatment by over 60 days. Pathetic follow-up. Applied for my family floater plan. Avoid this company.,1,0
Very easy claim filing process through the mobile app. Highly recommend this insurance provider. Regarding my motor insurance. Will renew for sure.,5,1
They deducted 40 percent of my claim amount citing obscure clauses not mentioned earlier. Applied for my family floater plan. Disastrous service.,1,0
Extremely high renewal premium hike without any filed claims or medical history change. Applied for my bike insurance. Extremely disappointed.,2,0
Claim officer guided me through all required documentation step by step. Very professional. Regarding my health policy. Outstanding work.,5,1
Fair premium quotes and comprehensive health coverage with no hidden clauses. Regarding my car policy. Outstanding work.,4,1
My claim was settled very fast and the support team was genuinely helpful throughout. Regarding my term insurance. Really impressed.,5,1
Fair premium quotes and comprehensive health coverage with no hidden clauses. Regarding my bike insurance. Smooth process.,4,1
Quick approval for windshield replacement. No unnecessary questions asked. Regarding my bike insurance. Very pleased.,4,1
"Customer care officer was polite, patient, and solved my policy renewal query in minutes. Regarding my motor insurance. Great job!",4,1
Quick approval for windshield replacement. No unnecessary questions asked. Regarding my bike insurance. Very pleased.,4,1
Third party claim settled without any disputes or delays. Very satisfied with the service. Regarding my car policy. Very pleased.,4,1
Roadside assistance arrived within 25 minutes after my car broke down on highway. Impressive! Regarding my family floater plan. Will renew for sure.,4,1
Terrible experience. Customer support keeps putting me on hold and never returns calls. Applied for my comprehensive coverage. Extremely disappointed.,1,0
Great digital experience. Uploaded photos of car dent and claim approved within 3 hours. Regarding my family floater plan. Very pleased.,4,1
Waited 3 months with no response. Worst customer service ever encountered. Applied for my bike insurance. Completely unacceptable.,1,0
Transparent claim verification and fast payout. Best insurance experience I have had so far. Regarding my health policy. Will renew for sure.,5,1
Cashless hospital network was rejected at hospital admission. Had to pay from my pocket. Applied for my family floater plan. Total waste of money.,2,0
"Customer care officer was polite, patient, and solved my policy renewal query in minutes. Regarding my term insurance. Will renew for sure.",4,1
Prompt response on chat support. All my queries regarding deductible were clarified clearly. Regarding my term insurance. 10/10 service.,5,1
Misleading policy benefits sold by agent. Critical illness coverage had hidden sub-limits. Applied for my family floater plan. Worst experience.,2,0
Fraudulent claim investigation opened against legitimate collision damage. Harassment! Applied for my comprehensive coverage. Disastrous service.,1,0
Terrible experience. Customer support keeps putting me on hold and never returns calls. Applied for my car policy. Worst experience.,1,0
Fair premium quotes and comprehensive health coverage with no hidden clauses. Regarding my term insurance. Will renew for sure.,4,1
Third party claim settled without any disputes or delays. Very satisfied with the service. Regarding my comprehensive coverage. Will renew for sure.,4,1
Renewal process is so simple and discounts for claim-free years are very attractive. Regarding my motor insurance. Outstanding work.,4,1
Poor communication from claim department. Status stayed under review for weeks. Applied for my bike insurance. Disastrous service.,2,0
Surveyor took two weeks to inspect vehicle damage and reported inaccurate assessment. Applied for my bike insurance. Worst experience.,1,0
App crashes constantly while uploading accident damage photos. Very frustrating interface. Applied for my health policy. Disastrous service.,1,0
Poor communication from claim department. Status stayed under review for weeks. Applied for my comprehensive coverage. Zero stars.,2,0
Delayed reimbursement for emergency treatment by over 60 days. Pathetic follow-up. Applied for my family floater plan. Extremely disappointed.,1,0
Renewal process is so simple and discounts for claim-free years are very attractive. Regarding my health policy. 10/10 service.,5,1
Fair premium quotes and comprehensive health coverage with no hidden clauses. Regarding my comprehensive coverage. Really impressed.,5,1
Claim officer guided me through all required documentation step by step. Very professional. Regarding my health policy. Outstanding work.,4,1
Extremely high renewal premium hike without any filed claims or medical history change. Applied for my bike insurance. Completely unacceptable.,2,0
"Customer care officer was polite, patient, and solved my policy renewal query in minutes. Regarding my car policy. Thank you team.",4,1
Surveyor took two weeks to inspect vehicle damage and reported inaccurate assessment. Applied for my bike insurance. Zero stars.,2,0
App crashes constantly while uploading accident damage photos. Very frustrating interface. Applied for my family floater plan. Worst experience.,2,0
Third party claim settled without any disputes or delays. Very satisfied with the service. Regarding my term insurance. Really impressed.,5,1
Surveyor took two weeks to inspect vehicle damage and reported inaccurate assessment. Applied for my comprehensive coverage. Worst experience.,1,0
Extremely high renewal premium hike without any filed claims or medical history change. Applied for my family floater plan. Never purchasing again.,1,0
Misleading policy benefits sold by agent. Critical illness coverage had hidden sub-limits. Applied for my car policy. Total waste of money.,2,0
Waited 3 months with no response. Worst customer service ever encountered. Applied for my car policy. Extremely disappointed.,2,0
Extremely high renewal premium hike without any filed claims or medical history change. Applied for my health policy. Total waste of money.,2,0
Waited 3 months with no response. Worst customer service ever encountered. Applied for my family floater plan. Total waste of money.,1,0
Extremely high renewal premium hike without any filed claims or medical history change. Applied for my comprehensive coverage. Disastrous service.,1,0
Great digital experience. Uploaded photos of car dent and claim approved within 3 hours. Regarding my family floater plan. Really impressed.,4,1
Rude and unhelpful support staff. Kept asking for same documents repeatedly. Applied for my health policy. Avoid this company.,1,0
Very easy claim filing process through the mobile app. Highly recommend this insurance provider. Regarding my comprehensive coverage. Smooth process.,4,1
Surveyor took two weeks to inspect vehicle damage and reported inaccurate assessment. Applied for my bike insurance. Never purchasing again.,2,0
Prompt response on chat support. All my queries regarding deductible were clarified clearly. Regarding my term insurance. 10/10 service.,5,1
Delayed reimbursement for emergency treatment by over 60 days. Pathetic follow-up. Applied for my comprehensive coverage. Avoid this company.,2,0
Claim rejected without any clear explanation after paying premiums diligently for 4 years. Applied for my health policy. Extremely disappointed.,2,0
Transparent claim verification and fast payout. Best insurance experience I have had so far. Regarding my car policy. Thank you team.,5,1
Fraudulent claim investigation opened against legitimate collision damage. Harassment! Applied for my family floater plan. Worst experience.,1,0
Roadside assistance arrived within 25 minutes after my car broke down on highway. Impressive! Regarding my comprehensive coverage. Great job!,5,1
Great digital experience. Uploaded photos of car dent and claim approved within 3 hours. Regarding my motor insurance. Thank you team.,4,1
Misleading policy benefits sold by agent. Critical illness coverage had hidden sub-limits. Applied for my car policy. Avoid this company.,1,0
They deducted 40 percent of my claim amount citing obscure clauses not mentioned earlier. Applied for my term insurance. Worst experience.,1,0
Waited 3 months with no response. Worst customer service ever encountered. Applied for my family floater plan. Never purchasing again.,1,0
Transparent claim verification and fast payout. Best insurance experience I have had so far. Regarding my family floater plan. Great job!,4,1
Prompt response on chat support. All my queries regarding deductible were clarified clearly. Regarding my motor insurance. Really impressed.,4,1
Extremely high renewal premium hike without any filed claims or medical history change. Applied for my term insurance. Extremely disappointed.,2,0
Cashless hospital network was rejected at hospital admission. Had to pay from my pocket. Applied for my motor insurance. Worst experience.,2,0
Claim officer guided me through all required documentation step by step. Very professional. Regarding my term insurance. Really impressed.,5,1
Roadside assistance arrived within 25 minutes after my car broke down on highway. Impressive! Regarding my motor insurance. Really impressed.,4,1
Poor communication from claim department. Status stayed under review for weeks. Applied for my car policy. Never purchasing again.,2,0
Rude and unhelpful support staff. Kept asking for same documents repeatedly. Applied for my family floater plan. Zero stars.,2,0
Fraudulent claim investigation opened against legitimate collision damage. Harassment! Applied for my term insurance. Completely unacceptable.,2,0
Renewal process is so simple and discounts for claim-free years are very attractive. Regarding my term insurance. 10/10 service.,4,1
They deducted 40 percent of my claim amount citing obscure clauses not mentioned earlier. Applied for my comprehensive coverage. Total waste of money.,2,0
Extremely high renewal premium hike without any filed claims or medical history change. Applied for my family floater plan. Zero stars.,1,0
My claim was settled very fast and the support team was genuinely helpful throughout. Regarding my family floater plan. Really impressed.,4,1
Surveyor took two weeks to inspect vehicle damage and reported inaccurate assessment. Applied for my comprehensive coverage. Extremely disappointed.,2,0
Third party claim settled without any disputes or delays. Very satisfied with the service. Regarding my motor insurance. Will renew for sure.,5,1
Delayed reimbursement for emergency treatment by over 60 days. Pathetic follow-up. Applied for my comprehensive coverage. Avoid this company.,1,0
Claim rejected without any clear explanation after paying premiums diligently for 4 years. Applied for my family floater plan. Total waste of money.,1,0
Affordable health insurance plan for senior citizens with extensive hospital network. Regarding my family floater plan. 10/10 service.,5,1
Delayed reimbursement for emergency treatment by over 60 days. Pathetic follow-up. Applied for my health policy. Worst experience.,2,0
Claim rejected without any clear explanation after paying premiums diligently for 4 years. Applied for my term insurance. Disastrous service.,2,0
Claim rejected without any clear explanation after paying premiums diligently for 4 years. Applied for my term insurance. Total waste of money.,2,0
Misleading policy benefits sold by agent. Critical illness coverage had hidden sub-limits. Applied for my family floater plan. Avoid this company.,2,0
Dispute resolution process is a complete nightmare. Nobody takes accountability. Applied for my motor insurance. Worst experience.,1,0
Roadside assistance arrived within 25 minutes after my car broke down on highway. Impressive! Regarding my car policy. Outstanding work.,4,1
Claim rejected without any clear explanation after paying premiums diligently for 4 years. Applied for my comprehensive coverage. Extremely disappointed.,2,0
Surveyor took two weeks to inspect vehicle damage and reported inaccurate assessment. Applied for my family floater plan. Total waste of money.,1,0
Claim officer guided me through all required documentation step by step. Very professional. Regarding my comprehensive coverage. Smooth process.,4,1
Extremely high renewal premium hike without any filed claims or medical history change. Applied for my bike insurance. Zero stars.,1,0
Misleading policy benefits sold by agent. Critical illness coverage had hidden sub-limits. Applied for my term insurance. Extremely disappointed.,2,0
Very easy claim filing process through the mobile app. Highly recommend this insurance provider. Regarding my family floater plan. Smooth process.,5,1
Cashless hospital network was rejected at hospital admission. Had to pay from my pocket. Applied for my term insurance. Completely unacceptable.,2,0
Rude and unhelpful support staff. Kept asking for same documents repeatedly. Applied for my car policy. Completely unacceptable.,1,0
Dispute resolution process is a complete nightmare. Nobody takes accountability. Applied for my bike insurance. Extremely disappointed.,2,0
Waited 3 months with no response. Worst customer service ever encountered. Applied for my health policy. Extremely disappointed.,2,0
Great digital experience. Uploaded photos of car dent and claim approved within 3 hours. Regarding my motor insurance. Very pleased.,5,1
Terrible experience. Customer support keeps putting me on hold and never returns calls. Applied for my bike insurance. Completely unacceptable.,1,0
Great digital experience. Uploaded photos of car dent and claim approved within 3 hours. Regarding my family floater plan. 10/10 service.,5,1
Prompt response on chat support. All my queries regarding deductible were clarified clearly. Regarding my bike insurance. 10/10 service.,4,1
Prompt response on chat support. All my queries regarding deductible were clarified clearly. Regarding my term insurance. Great job!,4,1
Terrible experience. Customer support keeps putting me on hold and never returns calls. Applied for my motor insurance. Total waste of money.,1,0
Rude and unhelpful support staff. Kept asking for same documents repeatedly. Applied for my term insurance. Completely unacceptable.,1,0
Quick approval for windshield replacement. No unnecessary questions asked. Regarding my term insurance. Very pleased.,5,1
"Customer care officer was polite, patient, and solved my policy renewal query in minutes. Regarding my bike insurance. 10/10 service.",5,1
Affordable health insurance plan for senior citizens with extensive hospital network. Regarding my family floater plan. Will renew for sure.,4,1
Claim officer guided me through all required documentation step by step. Very professional. Regarding my family floater plan. Really impressed.,4,1
Quick approval for windshield replacement. No unnecessary questions asked. Regarding my car policy. Will renew for sure.,5,1
"Customer care officer was polite, patient, and solved my policy renewal query in minutes. Regarding my bike insurance. Great job!",5,1
Quick approval for windshield replacement. No unnecessary questions asked. Regarding my term insurance. Outstanding work.,4,1
Cashless hospital network was rejected at hospital admission. Had to pay from my pocket. Applied for my comprehensive coverage. Zero stars.,2,0
Cashless hospital network was rejected at hospital admission. Had to pay from my pocket. Applied for my car policy. Avoid this company.,2,0
Hidden deductibles and co-pay percentages that were never disclosed at time of purchase. Applied for my comprehensive coverage. Extremely disappointed.,1,0
Extremely high renewal premium hike without any filed claims or medical history change. Applied for my family floater plan. Worst experience.,2,0
They deducted 40 percent of my claim amount citing obscure clauses not mentioned earlier. Applied for my comprehensive coverage. Never purchasing again.,2,0
Third party claim settled without any disputes or delays. Very satisfied with the service. Regarding my health policy. Smooth process.,4,1
Fraudulent claim investigation opened against legitimate collision damage. Harassment! Applied for my car policy. Disastrous service.,1,0
Hidden deductibles and co-pay percentages that were never disclosed at time of purchase. Applied for my health policy. Extremely disappointed.,2,0
Claim officer guided me through all required documentation step by step. Very professional. Regarding my term insurance. Really impressed.,5,1
Surveyor took two weeks to inspect vehicle damage and reported inaccurate assessment. Applied for my motor insurance. Disastrous service.,2,0
Quick approval for windshield replacement. No unnecessary questions asked. Regarding my term insurance. Thank you team.,5,1
"Customer care officer was polite, patient, and solved my policy renewal query in minutes. Regarding my motor insurance. Thank you team.",4,1
Surveyor took two weeks to inspect vehicle damage and reported inaccurate assessment. Applied for my term insurance. Never purchasing again.,1,0
Roadside assistance arrived within 25 minutes after my car broke down on highway. Impressive! Regarding my comprehensive coverage. Thank you team.,4,1
Cashless hospital network was rejected at hospital admission. Had to pay from my pocket. Applied for my health policy. Avoid this company.,2,0
Extremely high renewal premium hike without any filed claims or medical history change. Applied for my comprehensive coverage. Disastrous service.,1,0
Delayed reimbursement for emergency treatment by over 60 days. Pathetic follow-up. Applied for my health policy. Zero stars.,2,0
Poor communication from claim department. Status stayed under review for weeks. Applied for my bike insurance. Extremely disappointed.,1,0
Dispute resolution process is a complete nightmare. Nobody takes accountability. Applied for my health policy. Completely unacceptable.,2,0
Excellent experience with InsureAI! The reimbursement was credited in just 2 days. Regarding my comprehensive coverage. Will renew for sure.,4,1
App crashes constantly while uploading accident damage photos. Very frustrating interface. Applied for my comprehensive coverage. Extremely disappointed.,2,0
They deducted 40 percent of my claim amount citing obscure clauses not mentioned earlier. Applied for my car policy. Worst experience.,2,0
Terrible experience. Customer support keeps putting me on hold and never returns calls. Applied for my comprehensive coverage. Completely unacceptable.,2,0
Great digital experience. Uploaded photos of car dent and claim approved within 3 hours. Regarding my motor insurance. Very pleased.,5,1
"Customer care officer was polite, patient, and solved my policy renewal query in minutes. Regarding my term insurance. Outstanding work.",5,1
Waited 3 months with no response. Worst customer service ever encountered. Applied for my motor insurance. Never purchasing again.,1,0
Very easy claim filing process through the mobile app. Highly recommend this insurance provider. Regarding my health policy. Very pleased.,4,1
Great digital experience. Uploaded photos of car dent and claim approved within 3 hours. Regarding my health policy. Will renew for sure.,5,1
Hidden deductibles and co-pay percentages that were never disclosed at time of purchase. Applied for my health policy. Worst experience.,2,0
Dispute resolution process is a complete nightmare. Nobody takes accountability. Applied for my family floater plan. Total waste of money.,1,0
My claim was settled very fast and the support team was genuinely helpful throughout. Regarding my car policy. Great job!,5,1
Delayed reimbursement for emergency treatment by over 60 days. Pathetic follow-up. Applied for my comprehensive coverage. Completely unacceptable.,2,0
Poor communication from claim department. Status stayed under review for weeks. Applied for my family floater plan. Zero stars.,1,0
Roadside assistance arrived within 25 minutes after my car broke down on highway. Impressive! Regarding my health policy. Outstanding work.,5,1
Rude and unhelpful support staff. Kept asking for same documents repeatedly. Applied for my health policy. Avoid this company.,1,0
Terrible experience. Customer support keeps putting me on hold and never returns calls. Applied for my car policy. Avoid this company.,2,0
Fraudulent claim investigation opened against legitimate collision damage. Harassment! Applied for my comprehensive coverage. Worst experience.,2,0
Cashless hospital network was rejected at hospital admission. Had to pay from my pocket. Applied for my bike insurance. Completely unacceptable.,1,0
Fraudulent claim investigation opened against legitimate collision damage. Harassment! Applied for my bike insurance. Disastrous service.,1,0
Misleading policy benefits sold by agent. Critical illness coverage had hidden sub-limits. Applied for my comprehensive coverage. Never purchasing again.,2,0
Hidden deductibles and co-pay percentages that were never disclosed at time of purchase. Applied for my comprehensive coverage. Never purchasing again.,2,0
Rude and unhelpful support staff. Kept asking for same documents repeatedly. Applied for my bike insurance. Avoid this company.,2,0
Claim rejected without any clear explanation after paying premiums diligently for 4 years. Applied for my bike insurance. Disastrous service.,1,0
Delayed reimbursement for emergency treatment by over 60 days. Pathetic follow-up. Applied for my family floater plan. Avoid this company.,1,0
Poor communication from claim department. Status stayed under review for weeks. Applied for my term insurance. Never purchasing again.,2,0
Dispute resolution process is a complete nightmare. Nobody takes accountability. Applied for my term insurance. Avoid this company.,1,0
Quick approval for windshield replacement. No unnecessary questions asked. Regarding my car policy. Will renew for sure.,4,1
Prompt response on chat support. All my queries regarding deductible were clarified clearly. Regarding my car policy. Outstanding work.,5,1
Delayed reimbursement for emergency treatment by over 60 days. Pathetic follow-up. Applied for my motor insurance. Never purchasing again.,1,0
Claim rejected without any clear explanation after paying premiums diligently for 4 years. Applied for my motor insurance. Extremely disappointed.,1,0
Misleading policy benefits sold by agent. Critical illness coverage had hidden sub-limits. Applied for my family floater plan. Disastrous service.,1,0
Renewal process is so simple and discounts for claim-free years are very attractive. Regarding my car policy. Will renew for sure.,4,1
Affordable health insurance plan for senior citizens with extensive hospital network. Regarding my family floater plan. Will renew for sure.,5,1
Fair premium quotes and comprehensive health coverage with no hidden clauses. Regarding my health policy. Will renew for sure.,4,1
They deducted 40 percent of my claim amount citing obscure clauses not mentioned earlier. Applied for my motor insurance. Completely unacceptable.,2,0
Misleading policy benefits sold by agent. Critical illness coverage had hidden sub-limits. Applied for my car policy. Worst experience.,2,0
Claim rejected without any clear explanation after paying premiums diligently for 4 years. Applied for my health policy. Zero stars.,2,0
Terrible experience. Customer support keeps putting me on hold and never returns calls. Applied for my health policy. Zero stars.,2,0
Cashless hospitalization process was totally hassle-free. Hospital desk handled everything smoothly. Regarding my bike insurance. Great job!,5,1
Transparent claim verification and fast payout. Best insurance experience I have had so far. Regarding my family floater plan. Very pleased.,5,1
Prompt response on chat support. All my queries regarding deductible were clarified clearly. Regarding my motor insurance. 10/10 service.,5,1
Claim officer guided me through all required documentation step by step. Very professional. Regarding my comprehensive coverage. Thank you team.,5,1
Hidden deductibles and co-pay percentages that were never disclosed at time of purchase. Applied for my comprehensive coverage. Extremely disappointed.,2,0
App crashes constantly while uploading accident damage photos. Very frustrating interface. Applied for my motor insurance. Total waste of money.,1,0
Very easy claim filing process through the mobile app. Highly recommend this insurance provider. Regarding my car policy. Will renew for sure.,5,1
Prompt response on chat support. All my queries regarding deductible were clarified clearly. Regarding my term insurance. Thank you team.,5,1
Excellent experience with InsureAI! The reimbursement was credited in just 2 days. Regarding my motor insurance. Outstanding work.,4,1
Fair premium quotes and comprehensive health coverage with no hidden clauses. Regarding my motor insurance. Will renew for sure.,5,1
Claim officer guided me through all required documentation step by step. Very professional. Regarding my health policy. Great job!,5,1
Poor communication from claim department. Status stayed under review for weeks. Applied for my bike insurance. Extremely disappointed.,2,0
Roadside assistance arrived within 25 minutes after my car broke down on highway. Impressive! Regarding my family floater plan. Very pleased.,5,1
Hidden deductibles and co-pay percentages that were never disclosed at time of purchase. Applied for my comprehensive coverage. Avoid this company.,1,0
Transparent claim verification and fast payout. Best insurance experience I have had so far. Regarding my family floater plan. 10/10 service.,4,1
Delayed reimbursement for emergency treatment by over 60 days. Pathetic follow-up. Applied for my bike insurance. Avoid this company.,1,0
Rude and unhelpful support staff. Kept asking for same documents repeatedly. Applied for my family floater plan. Total waste of money.,2,0
Extremely high renewal premium hike without any filed claims or medical history change. Applied for my family floater plan. Avoid this company.,2,0
Claim officer guided me through all required documentation step by step. Very professional. Regarding my family floater plan. Very pleased.,4,1
Terrible experience. Customer support keeps putting me on hold and never returns calls. Applied for my family floater plan. Avoid this company.,2,0
My claim was settled very fast and the support team was genuinely helpful throughout. Regarding my car policy. Very pleased.,5,1
Renewal process is so simple and discounts for claim-free years are very attractive. Regarding my family floater plan. Will renew for sure.,5,1
Surveyor took two weeks to inspect vehicle damage and reported inaccurate assessment. Applied for my motor insurance. Zero stars.,1,0
Very easy claim filing process through the mobile app. Highly recommend this insurance provider. Regarding my motor insurance. Smooth process.,4,1
Claim rejected without any clear explanation after paying premiums diligently for 4 years. Applied for my family floater plan. Completely unacceptable.,2,0
Poor communication from claim department. Status stayed under review for weeks. Applied for my car policy. Total waste of money.,2,0
Poor communication from claim department. Status stayed under review for weeks. Applied for my bike insurance. Worst experience.,1,0
Claim rejected without any clear explanation after paying premiums diligently for 4 years. Applied for my comprehensive coverage. Extremely disappointed.,1,0
Cashless hospitalization process was totally hassle-free. Hospital desk handled everything smoothly. Regarding my motor insurance. Will renew for sure.,4,1
Renewal process is so simple and discounts for claim-free years are very attractive. Regarding my bike insurance. Smooth process.,5,1
Surveyor took two weeks to inspect vehicle damage and reported inaccurate assessment. Applied for my term insurance. Never purchasing again.,2,0
Prompt response on chat support. All my queries regarding deductible were clarified clearly. Regarding my comprehensive coverage. Thank you team.,4,1
Extremely high renewal premium hike without any filed claims or medical history change. Applied for my comprehensive coverage. Avoid this company.,1,0
Great digital experience. Uploaded photos of car dent and claim approved within 3 hours. Regarding my family floater plan. Will renew for sure.,5,1
Cashless hospital network was rejected at hospital admission. Had to pay from my pocket. Applied for my health policy. Extremely disappointed.,2,0
Terrible experience. Customer support keeps putting me on hold and never returns calls. Applied for my motor insurance. Disastrous service.,2,0
Renewal process is so simple and discounts for claim-free years are very attractive. Regarding my bike insurance. Outstanding work.,5,1
Claim rejected without any clear explanation after paying premiums diligently for 4 years. Applied for my motor insurance. Completely unacceptable.,1,0
Renewal process is so simple and discounts for claim-free years are very attractive. Regarding my term insurance. Really impressed.,4,1
Misleading policy benefits sold by agent. Critical illness coverage had hidden sub-limits. Applied for my car policy. Extremely disappointed.,1,0
Third party claim settled without any disputes or delays. Very satisfied with the service. Regarding my term insurance. Great job!,4,1
Quick approval for windshield replacement. No unnecessary questions asked. Regarding my family floater plan. Smooth process.,5,1
Quick approval for windshield replacement. No unnecessary questions asked. Regarding my term insurance. Very pleased.,4,1
Poor communication from claim department. Status stayed under review for weeks. Applied for my comprehensive coverage. Zero stars.,2,0
Third party claim settled without any disputes or delays. Very satisfied with the service. Regarding my comprehensive coverage. Thank you team.,5,1
Poor communication from claim department. Status stayed under review for weeks. Applied for my health policy. Extremely disappointed.,2,0
Third party claim settled without any disputes or delays. Very satisfied with the service. Regarding my bike insurance. Very pleased.,5,1
My claim was settled very fast and the support team was genuinely helpful throughout. Regarding my bike insurance. Smooth process.,5,1
Fair premium quotes and comprehensive health coverage with no hidden clauses. Regarding my term insurance. Great job!,4,1
Renewal process is so simple and discounts for claim-free years are very attractive. Regarding my health policy. Really impressed.,5,1
Great digital experience. Uploaded photos of car dent and claim approved within 3 hours. Regarding my car policy. 10/10 service.,5,1
They deducted 40 percent of my claim amount citing obscure clauses not mentioned earlier. Applied for my comprehensive coverage. Worst experience.,2,0
Renewal process is so simple and discounts for claim-free years are very attractive. Regarding my bike insurance. Smooth process.,5,1
Prompt response on chat support. All my queries regarding deductible were clarified clearly. Regarding my motor insurance. Outstanding work.,4,1
Misleading policy benefits sold by agent. Critical illness coverage had hidden sub-limits. Applied for my motor insurance. Extremely disappointed.,2,0
Third party claim settled without any disputes or delays. Very satisfied with the service. Regarding my bike insurance. Will renew for sure.,4,1
Extremely high renewal premium hike without any filed claims or medical history change. Applied for my bike insurance. Never purchasing again.,1,0
Fair premium quotes and comprehensive health coverage with no hidden clauses. Regarding my health policy. Thank you team.,4,1
Renewal process is so simple and discounts for claim-free years are very attractive. Regarding my family floater plan. Thank you team.,5,1
They deducted 40 percent of my claim amount citing obscure clauses not mentioned earlier. Applied for my health policy. Zero stars.,1,0
My claim was settled very fast and the support team was genuinely helpful throughout. Regarding my bike insurance. Outstanding work.,5,1
App crashes constantly while uploading accident damage photos. Very frustrating interface. Applied for my bike insurance. Avoid this company.,1,0
Excellent experience with InsureAI! The reimbursement was credited in just 2 days. Regarding my health policy. 10/10 service.,4,1
Cashless hospitalization process was totally hassle-free. Hospital desk handled everything smoothly. Regarding my comprehensive coverage. Outstanding work.,4,1
Waited 3 months with no response. Worst customer service ever encountered. Applied for my motor insurance. Disastrous service.,1,0
Hidden deductibles and co-pay percentages that were never disclosed at time of purchase. Applied for my comprehensive coverage. Never purchasing again.,1,0
Delayed reimbursement for emergency treatment by over 60 days. Pathetic follow-up. Applied for my term insurance. Avoid this company.,1,0
Renewal process is so simple and discounts for claim-free years are very attractive. Regarding my bike insurance. Smooth process.,5,1
Cashless hospitalization process was totally hassle-free. Hospital desk handled everything smoothly. Regarding my motor insurance. Very pleased.,5,1
Cashless hospital network was rejected at hospital admission. Had to pay from my pocket. Applied for my comprehensive coverage. Zero stars.,1,0
Cashless hospital network was rejected at hospital admission. Had to pay from my pocket. Applied for my family floater plan. Never purchasing again.,2,0
Extremely high renewal premium hike without any filed claims or medical history change. Applied for my family floater plan. Extremely disappointed.,2,0
Hidden deductibles and co-pay percentages that were never disclosed at time of purchase. Applied for my health policy. Extremely disappointed.,2,0
Hidden deductibles and co-pay percentages that were never disclosed at time of purchase. Applied for my family floater plan. Completely unacceptable.,1,0
Excellent experience with InsureAI! The reimbursement was credited in just 2 days. Regarding my car policy. Outstanding work.,5,1
They deducted 40 percent of my claim amount citing obscure clauses not mentioned earlier. Applied for my comprehensive coverage. Disastrous service.,2,0
Third party claim settled without any disputes or delays. Very satisfied with the service. Regarding my car policy. Very pleased.,5,1
App crashes constantly while uploading accident damage photos. Very frustrating interface. Applied for my health policy. Never purchasing again.,2,0
Misleading policy benefits sold by agent. Critical illness coverage had hidden sub-limits. Applied for my bike insurance. Total waste of money.,1,0
Delayed reimbursement for emergency treatment by over 60 days. Pathetic follow-up. Applied for my health policy. Never purchasing again.,1,0
"Customer care officer was polite, patient, and solved my policy renewal query in minutes. Regarding my comprehensive coverage. 10/10 service.",5,1
Fraudulent claim investigation opened against legitimate collision damage. Harassment! Applied for my health policy. Zero stars.,2,0
Dispute resolution process is a complete nightmare. Nobody takes accountability. Applied for my term insurance. Avoid this company.,1,0
App crashes constantly while uploading accident damage photos. Very frustrating interface. Applied for my car policy. Zero stars.,2,0
Quick approval for windshield replacement. No unnecessary questions asked. Regarding my comprehensive coverage. Great job!,4,1
Claim officer guided me through all required documentation step by step. Very professional. Regarding my motor insurance. Very pleased.,5,1
Poor communication from claim department. Status stayed under review for weeks. Applied for my comprehensive coverage. Total waste of money.,2,0
Claim officer guided me through all required documentation step by step. Very professional. Regarding my comprehensive coverage. Smooth process.,5,1
Hidden deductibles and co-pay percentages that were never disclosed at time of purchase. Applied for my family floater plan. Total waste of money.,1,0
Transparent claim verification and fast payout. Best insurance experience I have had so far. Regarding my health policy. Smooth process.,5,1
Prompt response on chat support. All my queries regarding deductible were clarified clearly. Regarding my family floater plan. Smooth process.,5,1
Very easy claim filing process through the mobile app. Highly recommend this insurance provider. Regarding my family floater plan. Smooth process.,4,1
Poor communication from claim department. Status stayed under review for weeks. Applied for my bike insurance. Total waste of money.,1,0
Claim officer guided me through all required documentation step by step. Very professional. Regarding my family floater plan. Outstanding work.,4,1
Third party claim settled without any disputes or delays. Very satisfied with the service. Regarding my health policy. Very pleased.,4,1
Roadside assistance arrived within 25 minutes after my car broke down on highway. Impressive! Regarding my car policy. Outstanding work.,4,1
Misleading policy benefits sold by agent. Critical illness coverage had hidden sub-limits. Applied for my bike insurance. Completely unacceptable.,1,0
"Customer care officer was polite, patient, and solved my policy renewal query in minutes. Regarding my bike insurance. Smooth process.",5,1
They deducted 40 percent of my claim amount citing obscure clauses not mentioned earlier. Applied for my bike insurance. Worst experience.,2,0
Terrible experience. Customer support keeps putting me on hold and never returns calls. Applied for my health policy. Zero stars.,1,0
Renewal process is so simple and discounts for claim-free years are very attractive. Regarding my motor insurance. Very pleased.,4,1
Poor communication from claim department. Status stayed under review for weeks. Applied for my car policy. Never purchasing again.,1,0
Very easy claim filing process through the mobile app. Highly recommend this insurance provider. Regarding my term insurance. Very pleased.,4,1
Misleading policy benefits sold by agent. Critical illness coverage had hidden sub-limits. Applied for my comprehensive coverage. Disastrous service.,1,0
Waited 3 months with no response. Worst customer service ever encountered. Applied for my bike insurance. Extremely disappointed.,1,0
Cashless hospitalization process was totally hassle-free. Hospital desk handled everything smoothly. Regarding my health policy. Very pleased.,4,1
Delayed reimbursement for emergency treatment by over 60 days. Pathetic follow-up. Applied for my bike insurance. Worst experience.,2,0
Great digital experience. Uploaded photos of car dent and claim approved within 3 hours. Regarding my health policy. Very pleased.,5,1
Surveyor took two weeks to inspect vehicle damage and reported inaccurate assessment. Applied for my comprehensive coverage. Total waste of money.,1,0
Waited 3 months with no response. Worst customer service ever encountered. Applied for my term insurance. Zero stars.,1,0
Transparent claim verification and fast payout. Best insurance experience I have had so far. Regarding my car policy. Very pleased.,5,1
Fair premium quotes and comprehensive health coverage with no hidden clauses. Regarding my car policy. Outstanding work.,5,1
Surveyor took two weeks to inspect vehicle damage and reported inaccurate assessment. Applied for my bike insurance. Never purchasing again.,1,0
Third party claim settled without any disputes or delays. Very satisfied with the service. Regarding my family floater plan. Outstanding work.,4,1
